wavelength_m,distance_m,tx_diameter_m,rx_diameter_m,first_null_diameter_m,capture_fraction,tx_conversion_assumed,rx_conversion_assumed,ideal_end_to_end_efficiency,input_w_for_100w_load,quarter_rx_radius_angle_rad
1.064e-06,10000,0.1,1.5,0.259616,0.9718650737097121,0.4,0.5,0.19437301474194243,514.474707987444,1.875e-05
1.064e-06,10000,0.1,10,0.259616,0.9957023327757796,0.4,0.5,0.19914046655515594,502.15810844403643,0.000125
1.064e-06,10000,0.3,1.5,0.08653866666666668,0.9904608325768278,0.4,0.5,0.19809216651536557,504.8155197608141,1.875e-05
1.064e-06,10000,0.3,10,0.08653866666666668,0.998564195571651,0.4,0.5,0.19971283911433022,500.7189344634608,0.000125
1.064e-06,10000,1,1.5,0.025961600000000005,0.9971186988089865,0.4,0.5,0.1994237397617973,501.44481353847596,1.875e-05
1.064e-06,10000,1,10,0.025961600000000005,0.9995689070571425,0.4,0.5,0.19991378141142851,500.2156394320661,0.000125
1.064e-06,10000,10,1.5,0.0025961600000000006,0.9997125672993146,0.4,0.5,0.19994251345986291,500.14375767099835,1.875e-05
1.064e-06,10000,10,10,0.0025961600000000006,0.9999568777214903,0.4,0.5,0.19999137554429808,500.02156206906034,0.000125
1.064e-06,10000,100,1.5,0.00025961600000000006,0.999971252253595,0.4,0.5,0.199994250450719,500.01437428643084,1.875e-05
1.064e-06,10000,100,10,0.00025961600000000006,0.9999956877559212,0.4,0.5,0.19999913755118426,500.00215613133713,0.000125
1.064e-06,100000,0.1,1.5,2.59616,0.682762362928548,0.4,0.5,0.1365524725857096,732.31921843988,1.875e-06
1.064e-06,100000,0.1,10,2.59616,0.9563724524224291,0.4,0.5,0.19127449048448583,522.8088687974362,1.25e-05
1.064e-06,100000,0.3,1.5,0.8653866666666667,0.9094647962979061,0.4,0.5,0.18189295925958124,549.7738912328597,1.875e-06
1.064e-06,100000,0.3,10,0.8653866666666667,0.9857581157458675,0.4,0.5,0.1971516231491735,507.22382297778825,1.25e-05
1.064e-06,100000,1,1.5,0.259616,0.9718650737097121,0.4,0.5,0.19437301474194243,514.474707987444,1.875e-06
1.064e-06,100000,1,10,0.259616,0.9957023327757796,0.4,0.5,0.19914046655515594,502.15810844403643,1.25e-05
1.064e-06,100000,10,1.5,0.0259616,0.9971186988089865,0.4,0.5,0.1994237397617973,501.44481353847596,1.875e-06
1.064e-06,100000,10,10,0.0259616,0.9995689070571425,0.4,0.5,0.19991378141142851,500.2156394320661,1.25e-05
1.064e-06,100000,100,1.5,0.00259616,0.9997125672993146,0.4,0.5,0.19994251345986291,500.14375767099835,1.875e-06
1.064e-06,100000,100,10,0.00259616,0.9999568777214903,0.4,0.5,0.19999137554429808,500.02156206906034,1.25e-05
1.064e-06,1000000,0.1,1.5,25.9616,0.012184782441175528,0.4,0.5,0.0024369564882351057,41034.79092990375,1.875e-07
1.064e-06,1000000,0.1,10,25.9616,0.416889313516893,0.4,0.5,0.0833778627033786,1199.3591195273927,1.25e-06
1.064e-06,1000000,0.3,1.5,8.653866666666667,0.10443296589306987,0.4,0.5,0.020886593178613976,4787.760222303326,1.875e-07
1.064e-06,1000000,0.3,10,8.653866666666667,0.8423043177970513,0.4,0.5,0.16846086355941026,593.6096840957573,1.25e-06
1.064e-06,1000000,1,1.5,2.5961600000000002,0.682762362928548,0.4,0.5,0.1365524725857096,732.31921843988,1.875e-07
1.064e-06,1000000,1,10,2.5961600000000002,0.9563724524224291,0.4,0.5,0.19127449048448583,522.8088687974362,1.25e-06
1.064e-06,1000000,10,1.5,0.259616,0.9718650737097121,0.4,0.5,0.19437301474194243,514.474707987444,1.875e-07
1.064e-06,1000000,10,10,0.259616,0.9957023327757796,0.4,0.5,0.19914046655515594,502.15810844403643,1.25e-06
1.064e-06,1000000,100,1.5,0.0259616,0.9971186988089865,0.4,0.5,0.1994237397617973,501.44481353847596,1.875e-07
1.064e-06,1000000,100,10,0.0259616,0.9995689070571425,0.4,0.5,0.19991378141142851,500.2156394320661,1.25e-06
1.064e-06,64500000,0.1,1.5,1674.5232,2.946856281450476e-06,0.4,0.5,5.893712562900953e-07,169672339.68868488,2.9069767441860465e-09
1.064e-06,64500000,0.1,10,1674.5232,0.0001309630067933887,0.4,0.5,2.6192601358677745e-05,3817872.0254095527,1.937984496124031e-08
1.064e-06,64500000,0.3,1.5,558.1744000000001,2.652139391080238e-05,0.4,0.5,5.304278782160476e-06,18852704.41220459,2.9069767441860465e-09
1.064e-06,64500000,0.3,10,558.1744000000001,0.0011780497577500517,0.4,0.5,0.00023560995155001035,424430.2897315188,1.937984496124031e-08
1.064e-06,64500000,1,1.5,167.45232000000001,0.0002946426459487833,0.4,0.5,5.892852918975666e-05,1696970.9133243165,2.9069767441860465e-09
1.064e-06,64500000,1,10,167.45232000000001,0.013011701865422678,0.4,0.5,0.0026023403730845358,38426.94869367557,1.937984496124031e-08
1.064e-06,64500000,10,1.5,16.745232,0.02903794282821425,0.4,0.5,0.005807588565642851,17218.850624438277,2.9069767441860465e-09
1.064e-06,64500000,10,10,16.745232,0.7026113907432865,0.4,0.5,0.1405222781486573,711.6309336674066,1.937984496124031e-08
1.064e-06,64500000,100,1.5,1.6745232,0.8357454840253477,0.4,0.5,0.16714909680506954,598.2682641511411,2.9069767441860465e-09
1.064e-06,64500000,100,10,1.6745232,0.9720510253957981,0.4,0.5,0.19441020507915963,514.3762898623669,1.937984496124031e-08
1.064e-06,384400000,0.1,1.5,9979.639040000002,8.296831115918172e-08,0.4,0.5,1.6593662231836343e-08,6026397223.401447,4.877731529656608e-10
1.064e-06,384400000,0.1,10,9979.639040000002,3.687473841257641e-06,0.4,0.5,7.374947682515282e-07,135594182.23004156,3.2518210197710716e-09
1.064e-06,384400000,0.3,1.5,3326.5463466666674,7.467145506580919e-07,0.4,0.5,1.493429101316184e-07,669599915.468825,4.877731529656608e-10
1.064e-06,384400000,0.3,10,3326.5463466666674,3.318677506293625e-05,0.4,0.5,6.6373550125872505e-06,15066242.473147426,3.2518210197710716e-09
1.064e-06,384400000,1,1.5,997.9639040000002,8.29679702072699e-06,0.4,0.5,1.659359404145398e-06,60264219.88520439,4.877731529656608e-10
1.064e-06,384400000,1,10,997.9639040000002,0.00036868008336279055,0.4,0.5,7.373601667255811e-05,1356189.342910578,3.2518210197710716e-09
1.064e-06,384400000,10,1.5,99.79639040000002,0.0008293390361779198,0.4,0.5,0.00016586780723558398,602889.7449519474,4.877731529656608e-10
1.064e-06,384400000,10,10,99.79639040000002,0.036201849950093484,0.4,0.5,0.007240369990018697,13811.44888145996,3.2518210197710716e-09
1.064e-06,384400000,100,1.5,9.979639040000002,0.0796046273847558,0.4,0.5,0.015920925476951158,6281.041899528438,4.877731529656608e-10
1.064e-06,384400000,100,10,9.979639040000002,0.837784888713602,0.4,0.5,0.1675569777427204,596.8119104747014,3.2518210197710716e-09
0.12236426857142857,10000,1,1.5,2985.688153142857,9.269426016773883e-07,0.6,0.7,3.8931589270450305e-07,256860821.44070494,1.875e-05
0.12236426857142857,10000,1,10,2985.688153142857,4.119661944421423e-05,0.6,0.7,1.7302580166569972e-05,5779484.853548509,0.000125
0.12236426857142857,10000,1,100,2985.688153142857,0.00411127035249159,0.6,0.7,0.0017267335480464676,57912.81469751633,0.00125
0.12236426857142857,10000,10,1.5,298.5688153142857,9.269000710681402e-05,0.6,0.7,3.8929802984861884e-05,2568726.07443931,1.875e-05
0.12236426857142857,10000,10,10,298.5688153142857,0.00411127035249159,0.6,0.7,0.0017267335480464676,57912.81469751633,0.000125
0.12236426857142857,10000,10,100,298.5688153142857,0.33615770701374764,0.6,0.7,0.14118623694577398,708.2843353804199,0.00125
0.12236426857142857,10000,100,1.5,29.85688153142857,0.009226579581119497,0.6,0.7,0.0038751634240701883,25805.36329870891,1.875e-05
0.12236426857142857,10000,100,10,29.85688153142857,0.33615770701374786,0.6,0.7,0.1411862369457741,708.2843353804193,0.000125
0.12236426857142857,10000,100,100,29.85688153142857,0.952041954315352,0.6,0.7,0.39985762081244774,250.08901867823786,0.00125
0.12236426857142857,100000,1,1.5,29856.88153142857,9.269430332431411e-09,0.6,0.7,3.8931607396211924e-09,25686070185.155025,1.875e-06
0.12236426857142857,100000,1,10,29856.88153142857,4.119745953867864e-07,0.6,0.7,1.730293300624503e-07,577936699.8872832,1.25e-05
0.12236426857142857,100000,1,100,29856.88153142857,4.119661944421418e-05,0.6,0.7,1.7302580166569955e-05,5779484.853548515,0.000125
0.12236426857142857,100000,10,1.5,2985.688153142857,9.269426016773878e-07,0.6,0.7,3.8931589270450284e-07,256860821.44070506,1.875e-06
0.12236426857142857,100000,10,10,2985.688153142857,4.119661944421418e-05,0.6,0.7,1.7302580166569955e-05,5779484.853548515,1.25e-05
0.12236426857142857,100000,10,100,2985.688153142857,0.00411127035249159,0.6,0.7,0.0017267335480464676,57912.81469751633,0.000125
0.12236426857142857,100000,100,1.5,298.5688153142857,9.269000710681399e-05,0.6,0.7,3.892980298486187e-05,2568726.074439311,1.875e-06
0.12236426857142857,100000,100,10,298.5688153142857,0.004111270352491588,0.6,0.7,0.001726733548046467,57912.814697516354,1.25e-05
0.12236426857142857,100000,100,100,298.5688153142857,0.33615770701374786,0.6,0.7,0.1411862369457741,708.2843353804193,0.000125
0.12236426857142857,1000000,1,1.5,298568.8153142857,9.269451230583473e-11,0.6,0.7,3.893169516845058e-11,2568601227542.691,1.875e-07
0.12236426857142857,1000000,1,10,298568.8153142857,4.119746965899931e-09,0.6,0.7,1.7302937256779709e-09,57793655791.48568,1.25e-06
0.12236426857142857,1000000,1,100,298568.8153142857,4.119745953867864e-07,0.6,0.7,1.730293300624503e-07,577936699.8872832,1.25e-05
0.12236426857142857,1000000,10,1.5,29856.881531428568,9.269430332431419e-09,0.6,0.7,3.893160739621196e-09,25686070185.155003,1.875e-07
0.12236426857142857,1000000,10,10,29856.881531428568,4.119745953867864e-07,0.6,0.7,1.730293300624503e-07,577936699.8872832,1.25e-06
0.12236426857142857,1000000,10,100,29856.881531428568,4.119661944421423e-05,0.6,0.7,1.7302580166569972e-05,5779484.853548509,1.25e-05
0.12236426857142857,1000000,100,1.5,2985.688153142857,9.269426016773878e-07,0.6,0.7,3.8931589270450284e-07,256860821.44070506,1.875e-07
0.12236426857142857,1000000,100,10,2985.688153142857,4.119661944421421e-05,0.6,0.7,1.7302580166569965e-05,5779484.853548512,1.25e-06
0.12236426857142857,1000000,100,100,2985.688153142857,0.00411127035249159,0.6,0.7,0.0017267335480464676,57912.81469751633,1.25e-05
0.05168835482758621,10000,1,1.5,1261.1958577931034,5.194882560968827e-06,0.6,0.7,2.1818506756069073e-06,45832650.74828452,1.875e-05
0.05168835482758621,10000,1,10,1261.1958577931034,0.0002308576170259249,0.6,0.7,9.696019915088844e-05,1031351.0169712115,0.000125
0.05168835482758621,10000,1,100,1261.1958577931034,0.022823591719477152,0.6,0.7,0.009585908522180402,10431.979375623552,0.00125
0.05168835482758621,10000,10,1.5,126.11958577931034,0.0005193546901955769,0.6,0.7,0.0002181289698821423,458444.3783603398,1.875e-05
0.05168835482758621,10000,10,10,126.11958577931034,0.022823591719477152,0.6,0.7,0.009585908522180402,10431.979375623552,0.000125
0.05168835482758621,10000,10,100,126.11958577931034,0.8202539243937297,0.6,0.7,0.3445066482453664,290.2701602692365,0.00125
0.05168835482758621,10000,100,1.5,12.611958577931034,0.050618908817417325,0.6,0.7,0.021259941703315275,4703.681759597958,1.875e-05
0.05168835482758621,10000,100,10,12.611958577931034,0.8202539243937299,0.6,0.7,0.34450664824536653,290.27016026923644,0.000125
0.05168835482758621,10000,100,100,12.611958577931034,0.9788865729217557,0.6,0.7,0.41113236062713737,243.23067113340568,0.00125
0.05168835482758621,100000,1,1.5,12611.958577931035,5.1948959534229676e-08,0.6,0.7,2.1818563004376462e-08,4583253259.160173,1.875e-06
0.05168835482758621,100000,1,10,12611.958577931035,2.308840025765784e-06,0.6,0.7,9.69712810821629e-07,103123315.36104065,1.25e-05
0.05168835482758621,100000,1,100,12611.958577931035,0.0002308576170259249,0.6,0.7,9.696019915088844e-05,1031351.0169712115,0.000125
0.05168835482758621,100000,10,1.5,1261.1958577931034,5.194882560968831e-06,0.6,0.7,2.1818506756069086e-06,45832650.74828449,1.875e-06
0.05168835482758621,100000,10,10,1261.1958577931034,0.0002308576170259249,0.6,0.7,9.696019915088844e-05,1031351.0169712115,1.25e-05
0.05168835482758621,100000,10,100,1261.1958577931034,0.02282359171947717,0.6,0.7,0.00958590852218041,10431.979375623543,0.000125
0.05168835482758621,100000,100,1.5,126.11958577931034,0.0005193546901955769,0.6,0.7,0.0002181289698821423,458444.3783603398,1.875e-06
0.05168835482758621,100000,100,10,126.11958577931034,0.022823591719477152,0.6,0.7,0.009585908522180402,10431.979375623552,1.25e-05
0.05168835482758621,100000,100,100,126.11958577931034,0.8202539243937297,0.6,0.7,0.3445066482453664,290.2701602692365,0.000125
0.05168835482758621,1000000,1,1.5,126119.58577931035,5.19489519775409e-10,0.6,0.7,2.1818559830567173e-10,458325392585.73285,1.875e-07
0.05168835482758621,1000000,1,10,126119.58577931035,2.3088426743170818e-08,0.6,0.7,9.697139232131742e-09,10312319706.480774,1.25e-06
0.05168835482758621,1000000,1,100,126119.58577931035,2.308840025765784e-06,0.6,0.7,9.69712810821629e-07,103123315.36104065,1.25e-05
0.05168835482758621,1000000,10,1.5,12611.958577931035,5.1948959534229676e-08,0.6,0.7,2.1818563004376462e-08,4583253259.160173,1.875e-07
0.05168835482758621,1000000,10,10,12611.958577931035,2.308840025765784e-06,0.6,0.7,9.69712810821629e-07,103123315.36104065,1.25e-06
0.05168835482758621,1000000,10,100,12611.958577931035,0.0002308576170259249,0.6,0.7,9.696019915088844e-05,1031351.0169712115,1.25e-05
0.05168835482758621,1000000,100,1.5,1261.1958577931034,5.194882560968831e-06,0.6,0.7,2.1818506756069086e-06,45832650.74828449,1.875e-07
0.05168835482758621,1000000,100,10,1261.1958577931034,0.00023085761702592485,0.6,0.7,9.696019915088843e-05,1031351.0169712118,1.25e-06
0.05168835482758621,1000000,100,100,1261.1958577931034,0.022823591719477152,0.6,0.7,0.009585908522180402,10431.979375623552,1.25e-05
0.0085654988,10000,1,1.5,208.99817071999996,0.00018915415507805245,0.6,0.7,7.944474513278202e-05,1258736.4945643973,1.875e-05
0.0085654988,10000,1,10,208.99817071999996,0.00837238470436325,0.6,0.7,0.003516401575832565,28438.162662443745,0.000125
0.0085654988,10000,1,100,208.99817071999996,0.558862112371221,0.6,0.7,0.23472208719591275,426.0357480399114,0.00125
0.0085654988,10000,10,1.5,20.899817071999998,0.018739211533448433,0.6,0.7,0.007870468844048342,12705.723379569708,1.875e-05
0.0085654988,10000,10,10,20.899817071999998,0.558862112371221,0.6,0.7,0.23472208719591275,426.0357480399114,0.000125
0.0085654988,10000,10,100,20.899817071999998,0.9657549890646226,0.6,0.7,0.40561709540714147,246.53793228222835,0.00125
0.0085654988,10000,100,1.5,2.0899817071999998,0.7917102333384002,0.6,0.7,0.33251829800212807,300.73532975728153,1.875e-05
0.0085654988,10000,100,10,2.0899817071999998,0.9657549890646226,0.6,0.7,0.40561709540714147,246.53793228222835,0.000125
0.0085654988,10000,100,100,2.0899817071999998,0.9965218919352377,0.6,0.7,0.41853919461279976,238.92624941019514,0.00125
0.0085654988,100000,1,1.5,2089.9817071999996,1.8917186825212287e-06,0.6,0.7,7.94521846658916e-07,125861863.23323275,1.875e-06
0.0085654988,100000,1,10,2089.9817071999996,8.40729310652701e-05,0.6,0.7,3.531063104741344e-05,2832008.2942081876,1.25e-05
0.0085654988,100000,1,100,2089.9817071999996,0.00837238470436325,0.6,0.7,0.003516401575832565,28438.162662443745,0.000125
0.0085654988,100000,10,1.5,208.99817071999996,0.00018915415507805245,0.6,0.7,7.944474513278202e-05,1258736.4945643973,1.875e-06
0.0085654988,100000,10,10,208.99817071999996,0.00837238470436325,0.6,0.7,0.003516401575832565,28438.162662443745,1.25e-05
0.0085654988,100000,10,100,208.99817071999996,0.558862112371221,0.6,0.7,0.23472208719591275,426.0357480399114,0.000125
0.0085654988,100000,100,1.5,20.899817071999998,0.018739211533448423,0.6,0.7,0.007870468844048337,12705.723379569718,1.875e-06
0.0085654988,100000,100,10,20.899817071999998,0.558862112371221,0.6,0.7,0.23472208719591275,426.0357480399114,1.25e-05
0.0085654988,100000,100,100,20.899817071999998,0.9657549890646226,0.6,0.7,0.40561709540714147,246.53793228222835,0.000125
0.0085654988,1000000,1,1.5,20899.817071999998,1.891720491311814e-08,0.6,0.7,7.945226063509617e-09,12586174288.8946,1.875e-07
0.0085654988,1000000,1,10,20899.817071999998,8.407643006647357e-07,0.6,0.7,3.5312100627918897e-07,283189043.47745526,1.25e-06
0.0085654988,1000000,1,100,20899.817071999998,8.40729310652701e-05,0.6,0.7,3.531063104741344e-05,2832008.2942081876,1.25e-05
0.0085654988,1000000,10,1.5,2089.9817071999996,1.8917186825212281e-06,0.6,0.7,7.945218466589156e-07,125861863.2332328,1.875e-07
0.0085654988,1000000,10,10,2089.9817071999996,8.40729310652701e-05,0.6,0.7,3.531063104741344e-05,2832008.2942081876,1.25e-06
0.0085654988,1000000,10,100,2089.9817071999996,0.00837238470436325,0.6,0.7,0.003516401575832565,28438.162662443745,1.25e-05
0.0085654988,1000000,100,1.5,208.99817072,0.00018915415507805245,0.6,0.7,7.944474513278202e-05,1258736.4945643973,1.875e-07
0.0085654988,1000000,100,10,208.99817072,0.008372384704363248,0.6,0.7,0.003516401575832564,28438.162662443752,1.25e-06
0.0085654988,1000000,100,100,208.99817072,0.5588621123712212,0.6,0.7,0.2347220871959129,426.03574803991114,1.25e-05
