profile,h_km,sigma_iono,n,f_hz,Q,Re_Zg,Re_Zi
pessimistic_warm,80.0,3e-07,1,38.83792468742084,0.4646957591199354,3.707741018637186,22.688192744138682
apollo_classic,200.0,1e-05,3,95.13309815282291,1.0080350347034512,68.38534900905897,6.130001104309631
nominal,200.0,3e-06,2,67.26925881914649,1.1712651835648866,35.932751085788176,9.414518326164727
nominal,80.0,1e-07,3,95.13309815282291,0.27068008571492347,48.16208484078906,62.83844678543254
optimistic_cold,120.0,1e-07,3,95.13309815282291,0.23210564325806807,131.33369607958164,62.83844678543254
apollo_classic,200.0,1e-05,2,67.26925881914649,0.9668579218795975,49.78001839091829,5.154296806813111
apollo_classic,120.0,3e-06,2,67.26925881914649,0.5383639853705883,49.78001839091829,9.414518326164727
nominal,200.0,3e-06,1,38.83792468742084,1.0285267682988006,22.663074572615553,7.151605160661953
nominal,80.0,3e-07,1,38.83792468742084,0.2704682625934287,22.663074572615553,22.688192744138682
nominal,50.0,3e-05,1,38.83792468742084,0.3075885267183488,22.663074572615553,2.26080386418569
optimistic_cold,120.0,3e-07,1,38.83792468742084,0.2926707577276656,40.178073292182056,22.688192744138682
apollo_classic,200.0,1e-05,1,38.83792468742084,0.8875567071900076,30.63401703249489,3.9161091121401452
nominal,200.0,1e-06,3,95.13309815282291,1.111273394114822,48.16208484078906,19.43071809615248
nominal,80.0,3e-07,2,67.26925881914649,0.322539541499584,35.932751085788176,29.936602587892647
apollo_classic,200.0,3e-06,3,95.13309815282291,0.9438334431165476,68.38534900905897,11.198696338435685
nominal,200.0,1e-06,2,67.26925881914649,1.0163463365104122,35.932751085788176,16.326676556093474
nominal,80.0,3e-07,3,95.13309815282291,0.3583165170793097,48.16208484078906,35.690129564212654
apollo_classic,200.0,3e-06,2,67.26925881914649,0.8972733089509803,49.78001839091829,9.414518326164727
apollo_classic,120.0,3e-06,1,38.83792468742084,0.48693435884962527,30.63401703249489,7.151605160661953
nominal,200.0,1e-06,1,38.83792468742084,0.8746760870003621,22.663074572615553,12.395842264925669
nominal,80.0,0.0003,3,95.13309815282291,0.609680128215399,48.16208484078906,1.1188938634613523
nominal,50.0,0.0003,1,38.83792468742084,0.32792820126399763,22.663074572615553,0.7149057869058422
optimistic_cold,120.0,0.001,3,95.13309815282291,0.34156599778829627,131.33369607958164,0.6128396245231282
apollo_classic,200.0,3e-06,1,38.83792468742084,0.8115572647493755,30.63401703249489,7.151605160661953
apollo_classic,120.0,1e-06,3,95.13309815282291,0.5132141714851065,68.38534900905897,19.43071809615248
nominal,200.0,3e-07,3,95.13309815282291,0.8957912926982743,48.16208484078906,35.690129564212654
nominal,50.0,0.0003,2,67.26925881914649,0.36010618322589444,35.932751085788176,0.9408714081077424
optimistic_cold,150.0,1e-07,1,38.83792468742084,0.2883838799009625,40.178073292182056,39.57290707935288
apollo_classic,200.0,1e-06,3,95.13309815282291,0.8553569524751775,68.38534900905897,19.43071809615248
apollo_classic,120.0,1e-06,2,67.26925881914649,0.4820723033380899,49.78001839091829,16.326676556093474
nominal,200.0,3e-07,2,67.26925881914649,0.80634885374896,35.932751085788176,29.936602587892647
nominal,80.0,1e-06,1,38.83792468742084,0.34987043480014485,22.663074572615553,12.395842264925669
nominal,40.0,1e-06,3,95.13309815282291,0.22225467882296443,48.16208484078906,19.43071809615248
optimistic_cold,150.0,1e-07,2,67.26925881914649,0.3011194246816554,79.82083556783198,52.469727938929566
apollo_classic,200.0,1e-06,2,67.26925881914649,0.8034538388968165,49.78001839091829,16.326676556093474
apollo_classic,120.0,1e-06,1,38.83792468742084,0.42758953937509014,30.63401703249489,12.395842264925669
nominal,200.0,3e-07,1,38.83792468742084,0.6761706564835718,22.663074572615553,22.688192744138682
nominal,80.0,0.001,1,38.83792468742084,0.5320437255176982,22.663074572615553,0.391569038935955
nominal,40.0,3e-06,1,38.83792468742084,0.20570535365976012,22.663074572615553,7.151605160661953
optimistic_cold,150.0,1e-07,3,95.13309815282291,0.2901320540725851,131.33369607958164,62.83844678543254
apollo_classic,200.0,1e-06,1,38.83792468742084,0.712649232291817,30.63401703249489,12.395842264925669
apollo_classic,120.0,3e-07,3,95.13309815282291,0.4330362035352289,68.38534900905897,35.690129564212654
nominal,200.0,1e-07,3,95.13309815282291,0.6767002142873086,48.16208484078906,62.83844678543254
nominal,40.0,3e-06,2,67.26925881914649,0.23425303671297731,35.932751085788176,9.414518326164727
optimistic_cold,150.0,3e-07,1,38.83792468742084,0.36583844715958197,40.178073292182056,22.688192744138682
apollo_classic,200.0,3e-07,3,95.13309815282291,0.7217270058920482,68.38534900905897,35.690129564212654
apollo_classic,120.0,3e-07,2,67.26925881914649,0.3997686593821526,49.78001839091829,29.936602587892647
nominal,200.0,1e-07,2,67.26925881914649,0.6008166107774711,35.932751085788176,52.469727938929566
nominal,80.0,1e-06,2,67.26925881914649,0.40653853460416484,35.932751085788176,16.326676556093474
nominal,50.0,0.0003,3,95.13309815282291,0.3810500801346243,48.16208484078906,1.1188938634613523
nominal,40.0,3e-06,3,95.13309815282291,0.2530764657920573,48.16208484078906,11.198696338435685
optimistic_cold,150.0,3e-07,2,67.26925881914649,0.36293903213602247,79.82083556783198,29.936602587892647
apollo_classic,200.0,3e-07,2,67.26925881914649,0.6662810989702543,49.78001839091829,29.936602587892647
apollo_classic,120.0,3e-07,1,38.83792468742084,0.3450554242487848,30.63401703249489,22.688192744138682
nominal,200.0,1e-07,1,38.83792468742084,0.49272455226006334,22.663074572615553,39.57290707935288
nominal,80.0,0.001,2,67.26925881914649,0.5828967678430043,35.932751085788176,0.5153342439715299
nominal,40.0,1e-05,1,38.83792468742084,0.230745959376619,22.663074572615553,3.9161091121401452
optimistic_cold,150.0,3e-07,3,95.13309815282291,0.33729057777210086,131.33369607958164,35.690129564212654
apollo_classic,200.0,3e-07,1,38.83792468742084,0.5750923737479747,30.63401703249489,22.688192744138682
apollo_classic,120.0,1e-07,3,95.13309815282291,0.343447237214986,68.38534900905897,62.83844678543254
nominal,150.0,0.001,3,95.13309815282291,1.1550107615885044,48.16208484078906,0.6128396245231282
nominal,40.0,1e-05,2,67.26925881914649,0.25854219544218837,35.932751085788176,5.154296806813111
optimistic_cold,150.0,1e-06,1,38.83792468742084,0.4374583270379871,40.178073292182056,12.395842264925669
apollo_classic,200.0,1e-07,3,95.13309815282291,0.5724120620249766,68.38534900905897,62.83844678543254
apollo_classic,120.0,1e-07,2,67.26925881914649,0.31167027638749006,49.78001839091829,52.469727938929566
nominal,150.0,0.001,2,67.26925881914649,1.0929314397056331,35.932751085788176,0.5153342439715299
nominal,80.0,1e-06,3,95.13309815282291,0.44450935764592886,48.16208484078906,19.43071809615248
nominal,50.0,0.001,1,38.83792468742084,0.33252732844856137,22.663074572615553,0.391569038935955
nominal,40.0,1e-05,3,95.13309815282291,0.27670361979985925,48.16208484078906,6.130001104309631
apollo_classic,200.0,1e-07,2,67.26925881914649,0.5194504606458168,49.78001839091829,52.469727938929566
apollo_classic,120.0,1e-07,1,38.83792468742084,0.26206984494929686,30.63401703249489,39.57290707935288
nominal,150.0,0.001,1,38.83792468742084,0.9975819853456841,22.663074572615553,0.391569038935955
nominal,80.0,3e-06,1,38.83792468742084,0.41141070731952023,22.663074572615553,7.151605160661953
nominal,40.0,3e-05,1,38.83792468742084,0.246070821374679,22.663074572615553,2.26080386418569
pessimistic_warm,80.0,1e-07,3,95.13309815282291,0.4374337161701937,5.847693089752086,62.83844678543254
apollo_classic,200.0,1e-07,1,38.83792468742084,0.43678307491549484,30.63401703249489,39.57290707935288
apollo_classic,100.0,0.001,3,95.13309815282291,0.5443192424685666,68.38534900905897,0.6128396245231282
nominal,150.0,0.0003,3,95.13309815282291,1.143150240403873,48.16208484078906,1.1188938634613523
nominal,80.0,3e-06,2,67.26925881914649,0.46850607342595463,35.932751085788176,9.414518326164727
apollo_classic,150.0,0.001,3,95.13309815282291,0.8164788637028499,68.38534900905897,0.6128396245231282
apollo_classic,100.0,0.001,2,67.26925881914649,0.5280177496470368,49.78001839091829,0.5153342439715299
nominal,150.0,0.0003,2,67.26925881914649,1.0803185496776835,35.932751085788176,0.9408714081077424
nominal,80.0,3e-06,3,95.13309815282291,0.5061529315841146,48.16208484078906,11.198696338435685
apollo_classic,150.0,0.001,2,67.26925881914649,0.7920266244705554,49.78001839091829,0.5153342439715299
apollo_classic,100.0,0.001,1,38.83792468742084,0.49419205367032476,30.63401703249489,0.391569038935955
nominal,150.0,0.0003,1,38.83792468742084,0.983784603791993,22.663074572615553,0.7149057869058422
nominal,80.0,0.001,3,95.13309815282291,0.616005739513869,48.16208484078906,0.6128396245231282
nominal,40.0,3e-05,2,67.26925881914649,0.2730203799462986,35.932751085788176,2.9754636360611677
pessimistic_warm,80.0,1e-07,2,67.26925881914649,0.37024091498056344,4.913101114143291,52.469727938929566
apollo_classic,150.0,0.001,1,38.83792468742084,0.7412880805054871,30.63401703249489,0.391569038935955
apollo_classic,100.0,0.0003,3,95.13309815282291,0.5403561022543486,68.38534900905897,1.1188938634613523
nominal,150.0,0.0001,3,95.13309815282291,1.124460082904774,48.16208484078906,1.9380152068467316
nominal,40.0,3e-05,3,95.13309815282291,0.2905732478297099,48.16208484078906,3.538533917817282
optimistic_cold,150.0,1e-06,2,67.26925881914649,0.4143139795715566,79.82083556783198,16.326676556093474
pessimistic_warm,80.0,1e-07,1,38.83792468742084,0.28340792055150155,3.707741018637186,39.57290707935288
apollo_classic,150.0,0.0003,3,95.13309815282291,0.8105341533815229,68.38534900905897,1.1188938634613523
apollo_classic,100.0,0.0003,2,67.26925881914649,0.5235877962947063,49.78001839091829,0.9408714081077424
nominal,150.0,0.0001,2,67.26925881914649,1.0605086300077422,35.932751085788176,1.6296574102909376
nominal,100.0,0.0003,2,67.26925881914649,0.7202123664517889,35.932751085788176,0.9408714081077424
nominal,80.0,1e-05,1,38.83792468742084,0.461491918753238,22.663074572615553,3.9161091121401452
optimistic_cold,150.0,1e-06,3,95.13309815282291,0.3736661795232137,131.33369607958164,19.43071809615248
pessimistic_warm,70.0,0.001,3,95.13309815282291,4.069312919045198,5.847693089752086,0.6128396245231282
apollo_classic,150.0,0.0003,2,67.26925881914649,0.7853816944420595,49.78001839091829,0.9408714081077424
apollo_classic,100.0,0.0003,1,38.83792468742084,0.4890948944337262,30.63401703249489,0.7149057869058422
nominal,150.0,0.0001,1,38.83792468742084,0.9622431370956717,22.663074572615553,1.2382620634305879
nominal,100.0,0.0003,1,38.83792468742084,0.6558564025279953,22.663074572615553,0.7149057869058422
nominal,80.0,1e-05,2,67.26925881914649,0.5170843908843767,35.932751085788176,5.154296806813111
nominal,50.0,0.001,2,67.26925881914649,0.36431047990187765,35.932751085788176,0.5153342439715299
optimistic_cold,120.0,3e-07,2,67.26925881914649,0.29035122570881794,79.82083556783198,29.936602587892647
pessimistic_warm,70.0,0.001,2,67.26925881914649,3.424520329489732,4.913101114143291,0.5153342439715299
apollo_classic,150.0,0.0003,1,38.83792468742084,0.7336423416505894,30.63401703249489,0.7149057869058422
apollo_classic,100.0,0.0001,3,95.13309815282291,0.534062074354515,68.38534900905897,1.9380152068467316
nominal,150.0,3e-05,3,95.13309815282291,1.089649679361412,48.16208484078906,3.538533917817282
nominal,80.0,1e-05,3,95.13309815282291,0.5534072395997185,48.16208484078906,6.130001104309631
pessimistic_warm,70.0,0.001,1,38.83792468742084,2.6182012380468938,3.707741018637186,0.391569038935955
apollo_classic,150.0,0.0001,3,95.13309815282291,0.8010931115317725,68.38534900905897,1.9380152068467316
apollo_classic,100.0,0.0001,2,67.26925881914649,0.5165727754959706,49.78001839091829,1.6296574102909376
nominal,150.0,3e-05,2,67.26925881914649,1.0238264247986197,35.932751085788176,2.9754636360611677
nominal,100.0,1e-07,1,38.83792468742084,0.24636227613003167,22.663074572615553,39.57290707935288
pessimistic_warm,70.0,0.0003,3,95.13309815282291,3.773717232652592,5.847693089752086,1.1188938634613523
apollo_classic,150.0,0.0001,2,67.26925881914649,0.774859163243956,49.78001839091829,1.6296574102909376
apollo_classic,100.0,0.0001,1,38.83792468742084,0.4810637498127938,30.63401703249489,1.2382620634305879
pessimistic_warm,70.0,0.0003,2,67.26925881914649,3.1755849844742237,4.913101114143291,0.9408714081077424
apollo_classic,150.0,0.0001,1,38.83792468742084,0.7215956247191907,30.63401703249489,1.2382620634305879
apollo_classic,100.0,3e-05,3,95.13309815282291,0.5221776166745371,68.38534900905897,3.538533917817282
nominal,100.0,0.0001,3,95.13309815282291,0.7496400552698492,48.16208484078906,1.9380152068467316
nominal,80.0,3e-05,1,38.83792468742084,0.492141642749358,22.663074572615553,2.26080386418569
pessimistic_warm,70.0,0.0003,1,38.83792468742084,2.4267862978396413,3.707741018637186,0.7149057869058422
apollo_classic,150.0,3e-05,3,95.13309815282291,0.7832664250118058,68.38534900905897,3.538533917817282
apollo_classic,100.0,3e-05,2,67.26925881914649,0.5033948680896777,49.78001839091829,2.9754636360611677
nominal,80.0,3e-05,2,67.26925881914649,0.5460407598925971,35.932751085788176,2.9754636360611677
pessimistic_warm,70.0,0.0001,3,95.13309815282291,3.3766907565235917,5.847693089752086,1.9380152068467316
apollo_classic,150.0,3e-05,2,67.26925881914649,0.7550923021345166,49.78001839091829,2.9754636360611677
apollo_classic,100.0,3e-05,1,38.83792468742084,0.4661097911164808,30.63401703249489,2.26080386418569
nominal,80.0,3e-05,3,95.13309815282291,0.5811464956594198,48.16208484078906,3.538533917817282
optimistic_cold,120.0,3e-07,3,95.13309815282291,0.2698324622176807,131.33369607958164,35.690129564212654
pessimistic_warm,70.0,0.0001,2,67.26925881914649,2.841276683490714,4.913101114143291,1.6296574102909376
apollo_classic,100.0,1e-05,3,95.13309815282291,0.5040175173517256,68.38534900905897,6.130001104309631
nominal,100.0,0.0001,2,67.26925881914649,0.7070057533384948,35.932751085788176,1.6296574102909376
nominal,80.0,0.0001,1,38.83792468742084,0.5131963397843582,22.663074572615553,1.2382620634305879
optimistic_cold,120.0,1e-06,1,38.83792468742084,0.34996666163038964,40.178073292182056,12.395842264925669
pessimistic_warm,70.0,0.0001,1,38.83792468742084,2.169998378446019,3.707741018637186,1.2382620634305879
apollo_classic,100.0,1e-05,2,67.26925881914649,0.48342896093979876,49.78001839091829,5.154296806813111
nominal,100.0,1e-07,2,67.26925881914649,0.30040830538873553,35.932751085788176,52.469727938929566
pessimistic_warm,70.0,3e-05,3,95.13309815282291,2.8009049021415304,5.847693089752086,3.538533917817282
apollo_classic,100.0,1e-05,1,38.83792468742084,0.4437783535950038,30.63401703249489,3.9161091121401452
pessimistic_warm,70.0,3e-05,2,67.26925881914649,2.3565487296917054,4.913101114143291,2.9754636360611677
apollo_classic,100.0,3e-06,3,95.13309815282291,0.4719167215582738,68.38534900905897,11.198696338435685
nominal,100.0,0.0001,1,38.83792468742084,0.6414954247304477,22.663074572615553,1.2382620634305879
nominal,40.0,0.0001,1,38.83792468742084,0.2565981698921791,22.663074572615553,1.2382620634305879
optimistic_cold,150.0,3e-06,1,38.83792468742084,0.48592971465807117,40.178073292182056,7.151605160661953
pessimistic_warm,70.0,3e-05,1,38.83792468742084,1.7982303691414816,3.707741018637186,2.26080386418569
apollo_classic,100.0,3e-06,2,67.26925881914649,0.44863665447549017,49.78001839091829,9.414518326164727
nominal,50.0,3e-05,2,67.26925881914649,0.3412754749328732,35.932751085788176,2.9754636360611677
optimistic_cold,200.0,3e-06,1,38.83792468742084,0.6479062862107615,40.178073292182056,7.151605160661953
pessimistic_warm,70.0,1e-05,3,95.13309815282291,2.1949073679931024,5.847693089752086,6.130001104309631
nominal,80.0,0.0001,2,67.26925881914649,0.5656046026707958,35.932751085788176,1.6296574102909376
pessimistic_warm,70.0,1e-05,2,67.26925881914649,1.8465334724167786,4.913101114143291,5.154296806813111
nominal,100.0,3e-05,3,95.13309815282291,0.7264331195742746,48.16208484078906,3.538533917817282
nominal,40.0,0.0001,2,67.26925881914649,0.2828023013353979,35.932751085788176,1.6296574102909376
optimistic_cold,150.0,3e-06,2,67.26925881914649,0.4464066834013862,79.82083556783198,9.414518326164727
pessimistic_warm,70.0,1e-05,1,38.83792468742084,1.4077950751612898,3.707741018637186,3.9161091121401452
nominal,100.0,1e-07,3,95.13309815282291,0.3383501071436543,48.16208484078906,62.83844678543254
nominal,50.0,0.001,3,95.13309815282291,0.3850035871961681,48.16208484078906,0.6128396245231282
nominal,40.0,0.0001,3,95.13309815282291,0.2998560221079397,48.16208484078906,1.9380152068467316
optimistic_cold,150.0,3e-06,3,95.13309815282291,0.39524743602059054,131.33369607958164,11.198696338435685
pessimistic_warm,70.0,3e-06,3,95.13309815282291,1.542257927924693,5.847693089752086,11.198696338435685
nominal,40.0,0.0003,1,38.83792468742084,0.26234256101119807,22.663074572615553,0.7149057869058422
optimistic_cold,150.0,1e-05,1,38.83792468742084,0.5215857487629558,40.178073292182056,3.9161091121401452
pessimistic_warm,70.0,3e-06,2,67.26925881914649,1.2974791324290949,4.913101114143291,9.414518326164727
nominal,40.0,0.0003,2,67.26925881914649,0.28808494658071554,35.932751085788176,0.9408714081077424
optimistic_cold,150.0,1e-05,2,67.26925881914649,0.4687872470541052,79.82083556783198,5.154296806813111
pessimistic_warm,70.0,3e-06,1,38.83792468742084,0.9883485147877269,3.707741018637186,7.151605160661953
optimistic_cold,150.0,1e-05,3,95.13309815282291,0.40982138417053804,131.33369607958164,6.130001104309631
pessimistic_warm,70.0,1e-06,3,95.13309815282291,1.0400150960743029,5.847693089752086,19.43071809615248
optimistic_cold,150.0,3e-05,1,38.83792468742084,0.5419299163054759,40.178073292182056,2.26080386418569
pessimistic_warm,70.0,1e-06,2,67.26925881914649,0.8752345495233169,4.913101114143291,16.326676556093474
nominal,40.0,0.0003,3,95.13309815282291,0.3048400641076995,48.16208484078906,1.1188938634613523
nominal,40.0,0.001,1,38.83792468742084,0.2660218627588491,22.663074572615553,0.391569038935955
nominal,60.0,1e-07,1,38.83792468742084,0.147817365678019,22.663074572615553,39.57290707935288
nominal,80.0,0.0001,3,95.13309815282291,0.5997120442158794,48.16208484078906,1.9380152068467316
optimistic_cold,150.0,3e-05,2,67.26925881914649,0.4811236583880425,79.82083556783198,2.9754636360611677
nominal,80.0,0.0003,1,38.83792468742084,0.5246851220223961,22.663074572615553,0.7149057869058422
nominal,150.0,3e-05,1,38.83792468742084,0.9227655801550463,22.663074572615553,2.26080386418569
nominal,40.0,0.001,2,67.26925881914649,0.29144838392150213,35.932751085788176,0.5153342439715299
nominal,150.0,1e-05,3,95.13309815282291,1.037638574249472,48.16208484078906,6.130001104309631
nominal,50.0,3e-05,3,95.13309815282291,0.3632165597871373,48.16208484078906,3.538533917817282
optimistic_cold,40.0,1e-07,1,38.83792468742084,0.07690236797358999,40.178073292182056,39.57290707935288
nominal,40.0,0.001,3,95.13309815282291,0.3080028697569345,48.16208484078906,0.6128396245231282
optimistic_cold,40.0,1e-07,2,67.26925881914649,0.08029851324844145,79.82083556783198,52.469727938929566
nominal,50.0,1e-07,1,38.83792468742084,0.12318113806501584,22.663074572615553,39.57290707935288
pessimistic_warm,70.0,1e-06,1,38.83792468742084,0.6664863638660604,3.707741018637186,12.395842264925669
apollo_classic,150.0,3e-05,1,38.83792468742084,0.6991646866747212,30.63401703249489,2.26080386418569
nominal,100.0,3e-07,3,95.13309815282291,0.44789564634913714,48.16208484078906,35.690129564212654
optimistic_cold,150.0,3e-05,3,95.13309815282291,0.4176957899649799,131.33369607958164,3.538533917817282
apollo_classic,150.0,1e-05,3,95.13309815282291,0.7560262760275885,68.38534900905897,6.130001104309631
apollo_classic,100.0,3e-06,1,38.83792468742084,0.40577863237468775,30.63401703249489,7.151605160661953
nominal,100.0,3e-07,2,67.26925881914649,0.40317442687448,35.932751085788176,29.936602587892647
nominal,50.0,1e-07,2,67.26925881914649,0.15020415269436777,35.932751085788176,52.469727938929566
apollo_classic,100.0,1e-06,3,95.13309815282291,0.42767847623758876,68.38534900905897,19.43071809615248
pessimistic_warm,70.0,3e-07,3,95.13309815282291,0.6329154384697852,5.847693089752086,35.690129564212654
optimistic_cold,40.0,1e-07,3,95.13309815282291,0.07736854775268935,131.33369607958164,62.83844678543254
nominal,150.0,1e-05,2,67.26925881914649,0.9695332329082064,35.932751085788176,5.154296806813111
nominal,100.0,1e-06,2,67.26925881914649,0.5081731682552061,35.932751085788176,16.326676556093474
nominal,100.0,1e-06,1,38.83792468742084,0.4373380435001811,22.663074572615553,12.395842264925669
optimistic_cold,150.0,0.0001,1,38.83792468742084,0.5553098058525352,40.178073292182056,1.2382620634305879
optimistic_cold,40.0,3e-07,1,38.83792468742084,0.09755691924255519,40.178073292182056,22.688192744138682
nominal,150.0,1e-05,1,38.83792468742084,0.8652973476623212,22.663074572615553,3.9161091121401452
optimistic_cold,40.0,3e-07,2,67.26925881914649,0.09678374190293931,79.82083556783198,29.936602587892647
nominal,150.0,3e-06,3,95.13309815282291,0.9490367467202149,48.16208484078906,11.198696338435685
optimistic_cold,40.0,3e-07,3,95.13309815282291,0.08994415407256022,131.33369607958164,35.690129564212654
nominal,150.0,3e-06,2,67.26925881914649,0.878448887673665,35.932751085788176,9.414518326164727
nominal,150.0,3e-06,1,38.83792468742084,0.7713950762241005,22.663074572615553,7.151605160661953
nominal,100.0,1e-06,3,95.13309815282291,0.555636697057411,48.16208484078906,19.43071809615248
nominal,150.0,1e-06,3,95.13309815282291,0.8334550455861166,48.16208484078906,19.43071809615248
optimistic_cold,40.0,1e-06,1,38.83792468742084,0.11665555387679655,40.178073292182056,12.395842264925669
apollo_classic,100.0,1e-06,2,67.26925881914649,0.40172691944840827,49.78001839091829,16.326676556093474
nominal,150.0,1e-06,2,67.26925881914649,0.7622597523828092,35.932751085788176,16.326676556093474
optimistic_cold,120.0,1e-06,2,67.26925881914649,0.33145118365724524,79.82083556783198,16.326676556093474
optimistic_cold,40.0,1e-06,2,67.26925881914649,0.11048372788574842,79.82083556783198,16.326676556093474
nominal,150.0,1e-06,1,38.83792468742084,0.6560070652502716,22.663074572615553,12.395842264925669
optimistic_cold,120.0,1e-06,3,95.13309815282291,0.298932943618571,131.33369607958164,19.43071809615248
optimistic_cold,40.0,1e-06,3,95.13309815282291,0.09964431453952365,131.33369607958164,19.43071809615248
nominal,150.0,3e-07,3,95.13309815282291,0.6718434695237058,48.16208484078906,35.690129564212654
nominal,100.0,3e-06,1,38.83792468742084,0.5142633841494003,22.663074572615553,7.151605160661953
nominal,50.0,0.0001,1,38.83792468742084,0.32074771236522387,22.663074572615553,1.2382620634305879
optimistic_cold,120.0,3e-06,1,38.83792468742084,0.3887437717264569,40.178073292182056,7.151605160661953
optimistic_cold,40.0,3e-06,1,38.83792468742084,0.1295812572421523,40.178073292182056,7.151605160661953
pessimistic_warm,70.0,3e-07,2,67.26925881914649,0.5334274116109359,4.913101114143291,29.936602587892647
apollo_classic,100.0,1e-06,1,38.83792468742084,0.3563246161459085,30.63401703249489,12.395842264925669
nominal,150.0,3e-07,2,67.26925881914649,0.6047616403117201,35.932751085788176,29.936602587892647
optimistic_cold,120.0,3e-06,2,67.26925881914649,0.3571253467211089,79.82083556783198,9.414518326164727
optimistic_cold,40.0,3e-06,2,67.26925881914649,0.11904178224036964,79.82083556783198,9.414518326164727
apollo_classic,100.0,3e-07,3,95.13309815282291,0.3608635029460241,68.38534900905897,35.690129564212654
nominal,150.0,3e-07,1,38.83792468742084,0.5071279923626789,22.663074572615553,22.688192744138682
nominal,50.0,1e-07,3,95.13309815282291,0.16917505357182716,48.16208484078906,62.83844678543254
optimistic_cold,120.0,3e-06,3,95.13309815282291,0.3161979488164724,131.33369607958164,11.198696338435685
apollo_classic,150.0,1e-05,2,67.26925881914649,0.7251434414096982,49.78001839091829,5.154296806813111
apollo_classic,100.0,3e-07,2,67.26925881914649,0.33314054948512717,49.78001839091829,29.936602587892647
nominal,150.0,1e-07,3,95.13309815282291,0.5075251607154815,48.16208484078906,62.83844678543254
optimistic_cold,120.0,1e-05,1,38.83792468742084,0.4172685990103646,40.178073292182056,3.9161091121401452
pessimistic_warm,70.0,3e-07,1,38.83792468742084,0.4066087892299435,3.707741018637186,22.688192744138682
apollo_classic,100.0,3e-07,1,38.83792468742084,0.28754618687398736,30.63401703249489,22.688192744138682
nominal,150.0,1e-07,2,67.26925881914649,0.4506124580831033,35.932751085788176,52.469727938929566
nominal,100.0,3e-06,2,67.26925881914649,0.5856325917824433,35.932751085788176,9.414518326164727
optimistic_cold,120.0,1e-05,2,67.26925881914649,0.37502979764328415,79.82083556783198,5.154296806813111
optimistic_cold,40.0,3e-06,3,95.13309815282291,0.10539931627215747,131.33369607958164,11.198696338435685
pessimistic_warm,70.0,1e-07,3,95.13309815282291,0.3827545016489195,5.847693089752086,62.83844678543254
apollo_classic,100.0,1e-07,3,95.13309815282291,0.2862060310124883,68.38534900905897,62.83844678543254
nominal,150.0,1e-07,1,38.83792468742084,0.36954341419504755,22.663074572615553,39.57290707935288
nominal,50.0,3e-07,1,38.83792468742084,0.16904266412089294,22.663074572615553,22.688192744138682
optimistic_cold,120.0,1e-05,3,95.13309815282291,0.3278571073364304,131.33369607958164,6.130001104309631
optimistic_cold,40.0,1e-05,1,38.83792468742084,0.13908953300345486,40.178073292182056,3.9161091121401452
pessimistic_warm,70.0,1e-07,2,67.26925881914649,0.323960800607993,4.913101114143291,52.469727938929566
apollo_classic,150.0,1e-05,1,38.83792468742084,0.6656675303925057,30.63401703249489,3.9161091121401452
apollo_classic,100.0,1e-07,2,67.26925881914649,0.2597252303229084,49.78001839091829,52.469727938929566
nominal,120.0,0.001,3,95.13309815282291,0.9240086092708035,48.16208484078906,0.6128396245231282
optimistic_cold,120.0,3e-05,1,38.83792468742084,0.43354393304438077,40.178073292182056,2.26080386418569
optimistic_cold,40.0,1e-05,2,67.26925881914649,0.12500993254776138,79.82083556783198,5.154296806813111
pessimistic_warm,70.0,1e-07,1,38.83792468742084,0.24798193048256384,3.707741018637186,39.57290707935288
apollo_classic,150.0,3e-06,3,95.13309815282291,0.7078750823374108,68.38534900905897,11.198696338435685
apollo_classic,100.0,1e-07,1,38.83792468742084,0.21839153745774742,30.63401703249489,39.57290707935288
nominal,120.0,0.001,2,67.26925881914649,0.8743451517645063,35.932751085788176,0.5153342439715299
nominal,100.0,3e-06,3,95.13309815282291,0.6326911644801432,48.16208484078906,11.198696338435685
optimistic_cold,40.0,1e-05,3,95.13309815282291,0.1092857024454768,131.33369607958164,6.130001104309631
pessimistic_warm,60.0,0.001,3,95.13309815282291,3.4879825020387414,5.847693089752086,0.6128396245231282
apollo_classic,150.0,3e-06,2,67.26925881914649,0.6729549817132353,49.78001839091829,9.414518326164727
apollo_classic,80.0,0.001,3,95.13309815282291,0.4354553939748533,68.38534900905897,0.6128396245231282
nominal,120.0,0.001,1,38.83792468742084,0.7980655882765473,22.663074572615553,0.391569038935955
optimistic_cold,40.0,3e-05,1,38.83792468742084,0.1445146443481269,40.178073292182056,2.26080386418569
pessimistic_warm,60.0,0.001,2,67.26925881914649,2.935303139562628,4.913101114143291,0.5153342439715299
apollo_classic,150.0,3e-06,1,38.83792468742084,0.6086679485620317,30.63401703249489,7.151605160661953
apollo_classic,80.0,0.001,2,67.26925881914649,0.4224141997176295,49.78001839091829,0.5153342439715299
nominal,120.0,0.0003,3,95.13309815282291,0.9145201923230984,48.16208484078906,1.1188938634613523
optimistic_cold,40.0,3e-05,2,67.26925881914649,0.1282996422368113,79.82083556783198,2.9754636360611677
pessimistic_warm,60.0,0.001,1,38.83792468742084,2.2441724897544804,3.707741018637186,0.391569038935955
apollo_classic,150.0,1e-06,3,95.13309815282291,0.6415177143563832,68.38534900905897,19.43071809615248
apollo_classic,80.0,0.001,1,38.83792468742084,0.39535364293625974,30.63401703249489,0.391569038935955
nominal,120.0,0.0003,2,67.26925881914649,0.8642548397421467,35.932751085788176,0.9408714081077424
pessimistic_warm,60.0,0.0003,3,95.13309815282291,3.234614770845079,5.847693089752086,1.1188938634613523
apollo_classic,150.0,1e-06,2,67.26925881914649,0.6025903791726124,49.78001839091829,16.326676556093474
apollo_classic,80.0,0.0003,3,95.13309815282291,0.4322848818034789,68.38534900905897,1.1188938634613523
nominal,120.0,0.0003,1,38.83792468742084,0.7870276830335943,22.663074572615553,0.7149057869058422
optimistic_cold,120.0,3e-05,2,67.26925881914649,0.38489892671043396,79.82083556783198,2.9754636360611677
pessimistic_warm,60.0,0.0003,2,67.26925881914649,2.7219299866921918,4.913101114143291,0.9408714081077424
apollo_classic,150.0,1e-06,1,38.83792468742084,0.5344869242188627,30.63401703249489,12.395842264925669
apollo_classic,80.0,0.0003,2,67.26925881914649,0.4188702370357651,49.78001839091829,0.9408714081077424
nominal,120.0,0.0001,3,95.13309815282291,0.8995680663238191,48.16208484078906,1.9380152068467316
optimistic_cold,120.0,3e-05,3,95.13309815282291,0.3341566319719839,131.33369607958164,3.538533917817282
optimistic_cold,40.0,3e-05,3,95.13309815282291,0.1113855439906613,131.33369607958164,3.538533917817282
pessimistic_warm,60.0,0.0003,1,38.83792468742084,2.080102541005407,3.707741018637186,0.7149057869058422
apollo_classic,150.0,3e-07,3,95.13309815282291,0.5412952544190361,68.38534900905897,35.690129564212654
apollo_classic,80.0,0.0003,1,38.83792468742084,0.39127591554698093,30.63401703249489,0.7149057869058422
nominal,120.0,0.0001,2,67.26925881914649,0.8484069040061937,35.932751085788176,1.6296574102909376
nominal,100.0,3e-07,1,38.83792468742084,0.3380853282417859,22.663074572615553,22.688192744138682
nominal,60.0,1e-07,2,67.26925881914649,0.1802449832332413,35.932751085788176,52.469727938929566
optimistic_cold,40.0,0.0001,1,38.83792468742084,0.14808261489400937,40.178073292182056,1.2382620634305879
pessimistic_warm,60.0,0.0001,3,95.13309815282291,2.8943063627345076,5.847693089752086,1.9380152068467316
apollo_classic,150.0,3e-07,2,67.26925881914649,0.49971082422769075,49.78001839091829,29.936602587892647
apollo_classic,80.0,0.0001,3,95.13309815282291,0.42724965948361204,68.38534900905897,1.9380152068467316
nominal,100.0,1e-05,1,38.83792468742084,0.5768648984415475,22.663074572615553,3.9161091121401452
nominal,60.0,1e-07,3,95.13309815282291,0.20301006428619262,48.16208484078906,62.83844678543254
optimistic_cold,40.0,0.0001,2,67.26925881914649,0.13041953680065113,79.82083556783198,1.6296574102909376
pessimistic_warm,60.0,0.0001,2,67.26925881914649,2.435380014420612,4.913101114143291,1.6296574102909376
apollo_classic,150.0,3e-07,1,38.83792468742084,0.431319280310981,30.63401703249489,22.688192744138682
apollo_classic,80.0,0.0001,2,67.26925881914649,0.4132582203967765,49.78001839091829,1.6296574102909376
nominal,100.0,1e-05,2,67.26925881914649,0.6463554886054709,35.932751085788176,5.154296806813111
nominal,60.0,3e-07,1,38.83792468742084,0.20285119694507153,22.663074572615553,22.688192744138682
optimistic_cold,40.0,0.0001,3,95.13309815282291,0.11272322207378833,131.33369607958164,1.9380152068467316
pessimistic_warm,60.0,0.0001,1,38.83792468742084,1.8599986100965877,3.707741018637186,1.2382620634305879
apollo_classic,150.0,1e-07,3,95.13309815282291,0.42930904651873253,68.38534900905897,62.83844678543254
apollo_classic,80.0,0.0001,1,38.83792468742084,0.384850999850235,30.63401703249489,1.2382620634305879
nominal,80.0,0.0003,2,67.26925881914649,0.5761698931614311,35.932751085788176,0.9408714081077424
nominal,60.0,3e-07,2,67.26925881914649,0.24190465612468803,35.932751085788176,29.936602587892647
optimistic_cold,40.0,0.0003,1,38.83792468742084,0.1499778049167047,40.178073292182056,0.7149057869058422
pessimistic_warm,60.0,3e-05,3,95.13309815282291,2.4007756304070265,5.847693089752086,3.538533917817282
apollo_classic,150.0,1e-07,2,67.26925881914649,0.3895878454843626,49.78001839091829,52.469727938929566
apollo_classic,80.0,3e-05,3,95.13309815282291,0.4177420933396297,68.38534900905897,3.538533917817282
nominal,60.0,3e-07,3,95.13309815282291,0.2687373878094823,48.16208484078906,35.690129564212654
optimistic_cold,40.0,0.0003,2,67.26925881914649,0.13153183562051468,79.82083556783198,0.9408714081077424
pessimistic_warm,60.0,3e-05,2,67.26925881914649,2.019898911164319,4.913101114143291,2.9754636360611677
apollo_classic,150.0,1e-07,1,38.83792468742084,0.32758730618662113,30.63401703249489,39.57290707935288
apollo_classic,80.0,3e-05,2,67.26925881914649,0.40271589447174216,49.78001839091829,2.9754636360611677
nominal,100.0,1e-05,3,95.13309815282291,0.6917590494996481,48.16208484078906,6.130001104309631
nominal,60.0,1e-06,1,38.83792468742084,0.2624028261001086,22.663074572615553,12.395842264925669
optimistic_cold,40.0,0.0003,3,95.13309815282291,0.11342033186330257,131.33369607958164,1.1188938634613523
pessimistic_warm,60.0,3e-05,1,38.83792468742084,1.5413403164069843,3.707741018637186,2.26080386418569
apollo_classic,120.0,0.001,3,95.13309815282291,0.6531830909622799,68.38534900905897,0.6128396245231282
apollo_classic,80.0,3e-05,1,38.83792468742084,0.3728878328931846,30.63401703249489,2.26080386418569
pessimistic_warm,60.0,1e-05,3,95.13309815282291,1.8813491725655165,5.847693089752086,6.130001104309631
apollo_classic,120.0,0.001,2,67.26925881914649,0.6336212995764442,49.78001839091829,0.5153342439715299
apollo_classic,80.0,1e-05,3,95.13309815282291,0.40321401388138056,68.38534900905897,6.130001104309631
nominal,60.0,1e-06,2,67.26925881914649,0.30490390095312364,35.932751085788176,16.326676556093474
pessimistic_warm,60.0,1e-05,2,67.26925881914649,1.582742976357239,4.913101114143291,5.154296806813111
apollo_classic,120.0,0.001,1,38.83792468742084,0.5930304644043897,30.63401703249489,0.391569038935955
apollo_classic,80.0,1e-05,2,67.26925881914649,0.386743168751839,49.78001839091829,5.154296806813111
optimistic_cold,120.0,0.0001,1,38.83792468742084,0.44424784468202816,40.178073292182056,1.2382620634305879
optimistic_cold,40.0,0.001,1,38.83792468742084,0.15117311581724557,40.178073292182056,0.391569038935955
pessimistic_warm,60.0,1e-05,1,38.83792468742084,1.2066814929953913,3.707741018637186,3.9161091121401452
apollo_classic,120.0,0.0003,3,95.13309815282291,0.6484273227052183,68.38534900905897,1.1188938634613523
apollo_classic,80.0,1e-05,1,38.83792468742084,0.35502268287600297,30.63401703249489,3.9161091121401452
optimistic_cold,40.0,0.001,2,67.26925881914649,0.13222855397856814,79.82083556783198,0.5153342439715299
pessimistic_warm,60.0,3e-06,3,95.13309815282291,1.3219353667925942,5.847693089752086,11.198696338435685
apollo_classic,120.0,0.0003,2,67.26925881914649,0.6283053555536476,49.78001839091829,0.9408714081077424
apollo_classic,80.0,3e-06,3,95.13309815282291,0.37753337724661906,68.38534900905897,11.198696338435685
optimistic_cold,40.0,0.001,3,95.13309815282291,0.11385533259609876,131.33369607958164,0.6128396245231282
pessimistic_warm,60.0,3e-06,2,67.26925881914649,1.1121249706535101,4.913101114143291,9.414518326164727
apollo_classic,120.0,0.0003,1,38.83792468742084,0.5869138733204715,30.63401703249489,0.7149057869058422
optimistic_cold,120.0,0.0001,2,67.26925881914649,0.39125861040195337,79.82083556783198,1.6296574102909376
optimistic_cold,50.0,1e-07,1,38.83792468742084,0.09612795996698749,40.178073292182056,39.57290707935288
pessimistic_warm,60.0,3e-06,1,38.83792468742084,0.8471558698180517,3.707741018637186,7.151605160661953
apollo_classic,120.0,0.0001,3,95.13309815282291,0.6408744892254181,68.38534900905897,1.9380152068467316
optimistic_cold,120.0,0.0001,3,95.13309815282291,0.338169666221365,131.33369607958164,1.9380152068467316
optimistic_cold,50.0,1e-07,2,67.26925881914649,0.10037314156055181,79.82083556783198,52.469727938929566
pessimistic_warm,60.0,1e-06,3,95.13309815282291,0.891441510920831,5.847693089752086,19.43071809615248
apollo_classic,120.0,0.0001,2,67.26925881914649,0.6198873305951648,49.78001839091829,1.6296574102909376
nominal,60.0,1e-06,3,95.13309815282291,0.3333820182344467,48.16208484078906,19.43071809615248
nominal,50.0,0.0001,2,67.26925881914649,0.3535028766692474,35.932751085788176,1.6296574102909376
optimistic_cold,150.0,0.0001,2,67.26925881914649,0.48907326300244175,79.82083556783198,1.6296574102909376
optimistic_cold,120.0,0.0003,1,38.83792468742084,0.44993341475011417,40.178073292182056,0.7149057869058422
optimistic_cold,50.0,1e-07,3,95.13309815282291,0.09671068469086169,131.33369607958164,62.83844678543254
pessimistic_warm,60.0,1e-06,2,67.26925881914649,0.7502010424485575,4.913101114143291,16.326676556093474
apollo_classic,120.0,0.0001,1,38.83792468742084,0.5772764997753526,30.63401703249489,1.2382620634305879
optimistic_cold,150.0,0.0001,3,95.13309815282291,0.4227120827767063,131.33369607958164,1.9380152068467316
optimistic_cold,120.0,0.0003,2,67.26925881914649,0.39459550686154404,79.82083556783198,0.9408714081077424
optimistic_cold,50.0,3e-07,1,38.83792468742084,0.121946149053194,40.178073292182056,22.688192744138682
pessimistic_warm,60.0,1e-06,1,38.83792468742084,0.5712740261709089,3.707741018637186,12.395842264925669
apollo_classic,120.0,3e-05,3,95.13309815282291,0.6266131400094446,68.38534900905897,3.538533917817282
optimistic_cold,50.0,3e-07,2,67.26925881914649,0.12097967737867414,79.82083556783198,29.936602587892647
pessimistic_warm,60.0,3e-07,3,95.13309815282291,0.542498947259816,5.847693089752086,35.690129564212654
apollo_classic,120.0,3e-05,2,67.26925881914649,0.6040738417076132,49.78001839091829,2.9754636360611677
nominal,60.0,3e-06,1,38.83792468742084,0.3085580304896402,22.663074572615553,7.151605160661953
pessimistic_warm,60.0,3e-07,2,67.26925881914649,0.45722349566651654,4.913101114143291,29.936602587892647
apollo_classic,120.0,3e-05,1,38.83792468742084,0.5593317493397769,30.63401703249489,2.26080386418569
nominal,60.0,3e-06,2,67.26925881914649,0.351379555069466,35.932751085788176,9.414518326164727
optimistic_cold,120.0,0.0003,3,95.13309815282291,0.3402609955899077,131.33369607958164,1.1188938634613523
pessimistic_warm,60.0,3e-07,1,38.83792468742084,0.3485218193399515,3.707741018637186,22.688192744138682
apollo_classic,120.0,1e-05,3,95.13309815282291,0.6048210208220708,68.38534900905897,6.130001104309631
nominal,60.0,3e-06,3,95.13309815282291,0.37961469868808595,48.16208484078906,11.198696338435685
optimistic_cold,50.0,3e-07,3,95.13309815282291,0.11243019259070028,131.33369607958164,35.690129564212654
pessimistic_warm,60.0,1e-07,3,95.13309815282291,0.32807528712764533,5.847693089752086,62.83844678543254
apollo_classic,120.0,1e-05,2,67.26925881914649,0.5801147531277585,49.78001839091829,5.154296806813111
nominal,120.0,0.0001,1,38.83792468742084,0.7697945096765373,22.663074572615553,1.2382620634305879
nominal,60.0,1e-05,1,38.83792468742084,0.34611893906492847,22.663074572615553,3.9161091121401452
optimistic_cold,150.0,0.0003,1,38.83792468742084,0.5624167684376427,40.178073292182056,0.7149057869058422
optimistic_cold,50.0,1e-06,1,38.83792468742084,0.1458194423459957,40.178073292182056,12.395842264925669
pessimistic_warm,60.0,1e-07,2,67.26925881914649,0.2776806862354226,4.913101114143291,52.469727938929566
nominal,120.0,3e-05,3,95.13309815282291,0.8717197434891296,48.16208484078906,3.538533917817282
nominal,60.0,1e-05,2,67.26925881914649,0.38781329316328256,35.932751085788176,5.154296806813111
optimistic_cold,50.0,1e-06,2,67.26925881914649,0.1381046598571855,79.82083556783198,16.326676556093474
pessimistic_warm,60.0,1e-07,1,38.83792468742084,0.21255594041362616,3.707741018637186,39.57290707935288
nominal,60.0,1e-05,3,95.13309815282291,0.41505542969978887,48.16208484078906,6.130001104309631
optimistic_cold,50.0,1e-06,3,95.13309815282291,0.12455539317440456,131.33369607958164,19.43071809615248
pessimistic_warm,50.0,0.001,3,95.13309815282291,2.906652085032284,5.847693089752086,0.6128396245231282
optimistic_cold,50.0,3e-06,1,38.83792468742084,0.16197657155269038,40.178073292182056,7.151605160661953
pessimistic_warm,50.0,0.001,2,67.26925881914649,2.446085949635523,4.913101114143291,0.5153342439715299
optimistic_cold,50.0,3e-06,2,67.26925881914649,0.14880222780046204,79.82083556783198,9.414518326164727
pessimistic_warm,50.0,0.001,1,38.83792468742084,1.8701437414620672,3.707741018637186,0.391569038935955
nominal,60.0,3e-05,1,38.83792468742084,0.36910623206201854,22.663074572615553,2.26080386418569
optimistic_cold,150.0,0.0003,2,67.26925881914649,0.49324438357693007,79.82083556783198,0.9408714081077424
optimistic_cold,50.0,3e-06,3,95.13309815282291,0.13174914534019683,131.33369607958164,11.198696338435685
pessimistic_warm,50.0,0.0003,3,95.13309815282291,2.6955123090375657,5.847693089752086,1.1188938634613523
nominal,60.0,3e-05,2,67.26925881914649,0.40953056991944786,35.932751085788176,2.9754636360611677
optimistic_cold,50.0,1e-05,1,38.83792468742084,0.1738619162543186,40.178073292182056,3.9161091121401452
pessimistic_warm,50.0,0.0003,2,67.26925881914649,2.26827498891016,4.913101114143291,0.9408714081077424
nominal,120.0,3e-05,2,67.26925881914649,0.8190611398388957,35.932751085788176,2.9754636360611677
optimistic_cold,50.0,1e-05,2,67.26925881914649,0.15626241568470173,79.82083556783198,5.154296806813111
nominal,50.0,0.0001,3,95.13309815282291,0.3748200276349246,48.16208484078906,1.9380152068467316
optimistic_cold,150.0,0.0003,3,95.13309815282291,0.42532624448738465,131.33369607958164,1.1188938634613523
optimistic_cold,200.0,3e-06,2,67.26925881914649,0.5952089112018482,79.82083556783198,9.414518326164727
nominal,120.0,3e-05,1,38.83792468742084,0.7382124641240371,22.663074572615553,2.26080386418569
optimistic_cold,120.0,0.001,1,38.83792468742084,0.4535193474517368,40.178073292182056,0.391569038935955
optimistic_cold,50.0,1e-05,3,95.13309815282291,0.136607128056846,131.33369607958164,6.130001104309631
apollo_classic,80.0,3e-06,2,67.26925881914649,0.3589093235803921,49.78001839091829,9.414518326164727
nominal,120.0,1e-05,3,95.13309815282291,0.8301108593995777,48.16208484078906,6.130001104309631
optimistic_cold,150.0,0.001,1,38.83792468742084,0.566899184314671,40.178073292182056,0.391569038935955
optimistic_cold,50.0,3e-05,1,38.83792468742084,0.18064330543515866,40.178073292182056,2.26080386418569
apollo_classic,80.0,3e-06,1,38.83792468742084,0.3246229058997502,30.63401703249489,7.151605160661953
nominal,120.0,1e-05,2,67.26925881914649,0.7756265863265651,35.932751085788176,5.154296806813111
nominal,50.0,3e-07,2,67.26925881914649,0.20158721343724,35.932751085788176,29.936602587892647
optimistic_cold,150.0,0.001,2,67.26925881914649,0.4958570774196306,79.82083556783198,0.5153342439715299
optimistic_cold,50.0,3e-05,2,67.26925881914649,0.16037455279601415,79.82083556783198,2.9754636360611677
nominal,120.0,1e-05,1,38.83792468742084,0.6922378781298569,22.663074572615553,3.9161091121401452
nominal,100.0,3e-05,1,38.83792468742084,0.6151770534366976,22.663074572615553,2.26080386418569
optimistic_cold,150.0,0.001,3,95.13309815282291,0.42695749723537035,131.33369607958164,0.6128396245231282
optimistic_cold,120.0,0.001,2,67.26925881914649,0.3966856619357045,79.82083556783198,0.5153342439715299
optimistic_cold,50.0,3e-05,3,95.13309815282291,0.13923192998832662,131.33369607958164,3.538533917817282
nominal,120.0,3e-06,3,95.13309815282291,0.7592293973761719,48.16208484078906,11.198696338435685
nominal,60.0,3e-05,3,95.13309815282291,0.4358598717445648,48.16208484078906,3.538533917817282
optimistic_cold,200.0,1e-07,1,38.83792468742084,0.38451183986794996,40.178073292182056,39.57290707935288
optimistic_cold,50.0,0.0001,1,38.83792468742084,0.18510326861751172,40.178073292182056,1.2382620634305879
nominal,120.0,3e-06,2,67.26925881914649,0.702759110138932,35.932751085788176,9.414518326164727
optimistic_cold,200.0,1e-07,2,67.26925881914649,0.40149256624220725,79.82083556783198,52.469727938929566
optimistic_cold,50.0,0.0001,2,67.26925881914649,0.1630244210008139,79.82083556783198,1.6296574102909376
nominal,120.0,3e-06,1,38.83792468742084,0.6171160609792804,22.663074572615553,7.151605160661953
nominal,50.0,3e-07,3,95.13309815282291,0.22394782317456857,48.16208484078906,35.690129564212654
optimistic_cold,50.0,0.0001,3,95.13309815282291,0.14090402759223541,131.33369607958164,1.9380152068467316
nominal,120.0,1e-06,3,95.13309815282291,0.6667640364688934,48.16208484078906,19.43071809615248
nominal,60.0,0.0001,1,38.83792468742084,0.38489725483826864,22.663074572615553,1.2382620634305879
nominal,50.0,1e-06,1,38.83792468742084,0.21866902175009054,22.663074572615553,12.395842264925669
optimistic_cold,50.0,0.0003,1,38.83792468742084,0.1874722561458809,40.178073292182056,0.7149057869058422
apollo_classic,120.0,1e-05,1,38.83792468742084,0.5325340243140045,30.63401703249489,3.9161091121401452
nominal,120.0,1e-06,2,67.26925881914649,0.6098078019062473,35.932751085788176,16.326676556093474
nominal,60.0,0.0001,2,67.26925881914649,0.42420345200309684,35.932751085788176,1.6296574102909376
optimistic_cold,50.0,0.0003,2,67.26925881914649,0.16441479452564334,79.82083556783198,0.9408714081077424
apollo_classic,120.0,3e-06,3,95.13309815282291,0.5663000658699286,68.38534900905897,11.198696338435685
apollo_classic,80.0,1e-06,3,95.13309815282291,0.342142780990071,68.38534900905897,19.43071809615248
nominal,120.0,1e-06,1,38.83792468742084,0.5248056522002172,22.663074572615553,12.395842264925669
nominal,60.0,0.0001,3,95.13309815282291,0.44978403316190957,48.16208484078906,1.9380152068467316
optimistic_cold,50.0,0.0003,3,95.13309815282291,0.1417754148291282,131.33369607958164,1.1188938634613523
nominal,120.0,3e-07,3,95.13309815282291,0.5374747756189646,48.16208484078906,35.690129564212654
nominal,50.0,1e-06,2,67.26925881914649,0.25408658412760304,35.932751085788176,16.326676556093474
optimistic_cold,200.0,1e-07,3,95.13309815282291,0.38684273876344677,131.33369607958164,62.83844678543254
nominal,120.0,3e-07,2,67.26925881914649,0.48380931224937607,35.932751085788176,29.936602587892647
nominal,50.0,1e-05,3,95.13309815282291,0.34587952474982403,48.16208484078906,6.130001104309631
optimistic_cold,200.0,3e-07,1,38.83792468742084,0.487784596212776,40.178073292182056,22.688192744138682
optimistic_cold,70.0,0.001,3,95.13309815282291,0.1992468320431728,131.33369607958164,0.6128396245231282
apollo_classic,80.0,1e-06,2,67.26925881914649,0.3213815355587266,49.78001839091829,16.326676556093474
nominal,120.0,3e-07,1,38.83792468742084,0.40570239389014306,22.663074572615553,22.688192744138682
nominal,60.0,0.0003,1,38.83792468742084,0.39351384151679714,22.663074572615553,0.7149057869058422
apollo_classic,80.0,1e-06,1,38.83792468742084,0.2850596929167268,30.63401703249489,12.395842264925669
nominal,120.0,1e-07,3,95.13309815282291,0.40602012857238523,48.16208484078906,62.83844678543254
nominal,50.0,1e-06,3,95.13309815282291,0.2778183485287055,48.16208484078906,19.43071809615248
optimistic_cold,50.0,0.001,1,38.83792468742084,0.188966394771557,40.178073292182056,0.391569038935955
apollo_classic,80.0,3e-07,3,95.13309815282291,0.28869080235681926,68.38534900905897,35.690129564212654
nominal,120.0,1e-07,2,67.26925881914649,0.3604899664664826,35.932751085788176,52.469727938929566
nominal,50.0,3e-06,1,38.83792468742084,0.25713169207470016,22.663074572615553,7.151605160661953
optimistic_cold,50.0,0.001,2,67.26925881914649,0.16528569247321018,79.82083556783198,0.5153342439715299
apollo_classic,80.0,3e-07,2,67.26925881914649,0.2665124395881017,49.78001839091829,29.936602587892647
nominal,120.0,1e-07,1,38.83792468742084,0.295634731356038,22.663074572615553,39.57290707935288
nominal,60.0,0.0003,2,67.26925881914649,0.43212741987107334,35.932751085788176,0.9408714081077424
nominal,50.0,3e-06,2,67.26925881914649,0.29281629589122166,35.932751085788176,9.414518326164727
optimistic_cold,200.0,3e-07,2,67.26925881914649,0.48391870951469657,79.82083556783198,29.936602587892647
optimistic_cold,50.0,0.001,3,95.13309815282291,0.14231916574512343,131.33369607958164,0.6128396245231282
apollo_classic,80.0,3e-07,1,38.83792468742084,0.23003694949918985,30.63401703249489,22.688192744138682
nominal,100.0,0.001,3,95.13309815282291,0.7700071743923362,48.16208484078906,0.6128396245231282
nominal,50.0,3e-06,3,95.13309815282291,0.3163455822400716,48.16208484078906,11.198696338435685
optimistic_cold,200.0,1e-06,3,95.13309815282291,0.49822157269761824,131.33369607958164,19.43071809615248
optimistic_cold,60.0,1e-07,1,38.83792468742084,0.11535355196038499,40.178073292182056,39.57290707935288
apollo_classic,80.0,1e-07,3,95.13309815282291,0.22896482480999067,68.38534900905897,62.83844678543254
nominal,100.0,0.001,2,67.26925881914649,0.7286209598037553,35.932751085788176,0.5153342439715299
nominal,50.0,1e-05,1,38.83792468742084,0.28843244922077377,22.663074572615553,3.9161091121401452
optimistic_cold,60.0,1e-07,2,67.26925881914649,0.12044776987266217,79.82083556783198,52.469727938929566
apollo_classic,80.0,1e-07,2,67.26925881914649,0.20778018425832673,49.78001839091829,52.469727938929566
nominal,100.0,0.001,1,38.83792468742084,0.6650546568971227,22.663074572615553,0.391569038935955
nominal,60.0,0.0003,3,95.13309815282291,0.4572600961615492,48.16208484078906,1.1188938634613523
nominal,50.0,1e-05,2,67.26925881914649,0.32317774430273544,35.932751085788176,5.154296806813111
optimistic_cold,200.0,3e-07,3,95.13309815282291,0.4497207703628011,131.33369607958164,35.690129564212654
optimistic_cold,60.0,1e-07,3,95.13309815282291,0.11605282162903403,131.33369607958164,62.83844678543254
apollo_classic,80.0,1e-07,1,38.83792468742084,0.17471322996619792,30.63401703249489,39.57290707935288
nominal,100.0,0.0003,3,95.13309815282291,0.7621001602692486,48.16208484078906,1.1188938634613523
nominal,60.0,0.001,1,38.83792468742084,0.39903279413827364,22.663074572615553,0.391569038935955
optimistic_cold,200.0,1e-06,1,38.83792468742084,0.5832777693839828,40.178073292182056,12.395842264925669
optimistic_cold,60.0,3e-07,1,38.83792468742084,0.1463353788638328,40.178073292182056,22.688192744138682
apollo_classic,70.0,0.001,3,95.13309815282291,0.3810234697279966,68.38534900905897,0.6128396245231282
nominal,60.0,0.001,2,67.26925881914649,0.43717257588225317,35.932751085788176,0.5153342439715299
optimistic_cold,200.0,1e-06,2,67.26925881914649,0.552418639428742,79.82083556783198,16.326676556093474
optimistic_cold,60.0,3e-07,2,67.26925881914649,0.14517561285440897,79.82083556783198,29.936602587892647
pessimistic_warm,120.0,3e-06,3,95.13309815282291,2.6438707335851883,5.847693089752086,11.198696338435685
apollo_classic,70.0,0.001,2,67.26925881914649,0.3696124247529258,49.78001839091829,0.5153342439715299
optimistic_cold,200.0,3e-06,3,95.13309815282291,0.5269965813607873,131.33369607958164,11.198696338435685
optimistic_cold,80.0,0.0001,3,95.13309815282291,0.22544644414757667,131.33369607958164,1.9380152068467316
optimistic_cold,60.0,3e-07,3,95.13309815282291,0.13491623110884035,131.33369607958164,35.690129564212654
apollo_classic,70.0,0.001,1,38.83792468742084,0.3459344375692273,30.63401703249489,0.391569038935955
optimistic_cold,80.0,0.0003,1,38.83792468742084,0.2999556098334094,40.178073292182056,0.7149057869058422
optimistic_cold,60.0,1e-06,1,38.83792468742084,0.17498333081519482,40.178073292182056,12.395842264925669
pessimistic_warm,120.0,3e-06,2,67.26925881914649,2.2242499413070203,4.913101114143291,9.414518326164727
apollo_classic,70.0,0.0003,3,95.13309815282291,0.378249271578044,68.38534900905897,1.1188938634613523
apollo_classic,70.0,0.0003,2,67.26925881914649,0.3665114574062944,49.78001839091829,0.9408714081077424
apollo_classic,70.0,0.0003,1,38.83792468742084,0.34236642610360835,30.63401703249489,0.7149057869058422
optimistic_cold,80.0,0.0003,2,67.26925881914649,0.26306367124102936,79.82083556783198,0.9408714081077424
optimistic_cold,60.0,1e-06,2,67.26925881914649,0.16572559182862262,79.82083556783198,16.326676556093474
apollo_classic,70.0,0.0001,3,95.13309815282291,0.3738434520481605,68.38534900905897,1.9380152068467316
optimistic_cold,200.0,1e-05,1,38.83792468742084,0.6954476650172744,40.178073292182056,3.9161091121401452
optimistic_cold,60.0,1e-06,3,95.13309815282291,0.1494664718092855,131.33369607958164,19.43071809615248
apollo_classic,70.0,0.0001,2,67.26925881914649,0.3616009428471794,49.78001839091829,1.6296574102909376
optimistic_cold,60.0,3e-06,1,38.83792468742084,0.19437188586322846,40.178073292182056,7.151605160661953
apollo_classic,70.0,0.0001,1,38.83792468742084,0.3367446248689556,30.63401703249489,1.2382620634305879
optimistic_cold,60.0,3e-06,2,67.26925881914649,0.17856267336055445,79.82083556783198,9.414518326164727
pessimistic_warm,50.0,0.0003,1,38.83792468742084,1.7334187841711726,3.707741018637186,0.7149057869058422
apollo_classic,70.0,3e-05,3,95.13309815282291,0.36552433167217596,68.38534900905897,3.538533917817282
apollo_classic,50.0,3e-05,1,38.83792468742084,0.2330548955582404,30.63401703249489,2.26080386418569
optimistic_cold,60.0,3e-06,3,95.13309815282291,0.1580989744082362,131.33369607958164,11.198696338435685
pessimistic_warm,50.0,0.0001,3,95.13309815282291,2.411921968945423,5.847693089752086,1.9380152068467316
apollo_classic,70.0,3e-05,2,67.26925881914649,0.3523764076627744,49.78001839091829,2.9754636360611677
apollo_classic,50.0,1e-05,3,95.13309815282291,0.2520087586758628,68.38534900905897,6.130001104309631
optimistic_cold,60.0,1e-05,1,38.83792468742084,0.2086342995051823,40.178073292182056,3.9161091121401452
apollo_classic,70.0,3e-05,1,38.83792468742084,0.32627685378153654,30.63401703249489,2.26080386418569
optimistic_cold,60.0,1e-05,2,67.26925881914649,0.18751489882164207,79.82083556783198,5.154296806813111
apollo_classic,70.0,1e-05,3,95.13309815282291,0.352812262146208,68.38534900905897,6.130001104309631
optimistic_cold,60.0,1e-05,3,95.13309815282291,0.1639285536682152,131.33369607958164,6.130001104309631
optimistic_cold,60.0,3e-05,1,38.83792468742084,0.21677196652219038,40.178073292182056,2.26080386418569
optimistic_cold,60.0,3e-05,2,67.26925881914649,0.19244946335521698,79.82083556783198,2.9754636360611677
optimistic_cold,100.0,1e-05,3,95.13309815282291,0.273214256113692,131.33369607958164,6.130001104309631
optimistic_cold,60.0,3e-05,3,95.13309815282291,0.16707831598599196,131.33369607958164,3.538533917817282
optimistic_cold,100.0,0.0003,3,95.13309815282291,0.2835508296582564,131.33369607958164,1.1188938634613523
optimistic_cold,60.0,0.0001,1,38.83792468742084,0.22212392234101408,40.178073292182056,1.2382620634305879
apollo_classic,50.0,1e-05,2,67.26925881914649,0.24171448046989938,49.78001839091829,5.154296806813111
optimistic_cold,100.0,0.001,1,38.83792468742084,0.377932789543114,40.178073292182056,0.391569038935955
pessimistic_warm,120.0,3e-06,1,38.83792468742084,1.6943117396361034,3.707741018637186,7.151605160661953
pessimistic_warm,50.0,0.0001,2,67.26925881914649,2.0294833453505103,4.913101114143291,1.6296574102909376
optimistic_cold,80.0,0.001,2,67.26925881914649,0.2644571079571363,79.82083556783198,0.5153342439715299
optimistic_cold,60.0,0.0001,2,67.26925881914649,0.19562930520097668,79.82083556783198,1.6296574102909376
apollo_classic,50.0,1e-05,1,38.83792468742084,0.2218891767975019,30.63401703249489,3.9161091121401452
optimistic_cold,60.0,0.0001,3,95.13309815282291,0.1690848331106825,131.33369607958164,1.9380152068467316
pessimistic_warm,120.0,1e-06,3,95.13309815282291,1.782883021841662,5.847693089752086,19.43071809615248
pessimistic_warm,50.0,0.0001,1,38.83792468742084,1.5499988417471564,3.707741018637186,1.2382620634305879
apollo_classic,50.0,3e-06,3,95.13309815282291,0.2359583607791369,68.38534900905897,11.198696338435685
optimistic_cold,60.0,0.0003,1,38.83792468742084,0.22496670737505708,40.178073292182056,0.7149057869058422
pessimistic_warm,120.0,1e-06,2,67.26925881914649,1.500402084897115,4.913101114143291,16.326676556093474
pessimistic_warm,50.0,3e-05,3,95.13309815282291,2.0006463586725216,5.847693089752086,3.538533917817282
apollo_classic,50.0,3e-06,2,67.26925881914649,0.22431832723774509,49.78001839091829,9.414518326164727
optimistic_cold,60.0,0.0003,2,67.26925881914649,0.19729775343077202,79.82083556783198,0.9408714081077424
pessimistic_warm,120.0,1e-06,1,38.83792468742084,1.1425480523418179,3.707741018637186,12.395842264925669
pessimistic_warm,50.0,3e-05,2,67.26925881914649,1.6832490926369323,4.913101114143291,2.9754636360611677
apollo_classic,50.0,3e-06,1,38.83792468742084,0.20288931618734388,30.63401703249489,7.151605160661953
optimistic_cold,60.0,0.0003,3,95.13309815282291,0.17013049779495384,131.33369607958164,1.1188938634613523
pessimistic_warm,120.0,3e-07,3,95.13309815282291,1.084997894519632,5.847693089752086,35.690129564212654
pessimistic_warm,50.0,3e-05,1,38.83792468742084,1.284450263672487,3.707741018637186,2.26080386418569
apollo_classic,50.0,1e-06,3,95.13309815282291,0.21383923811879438,68.38534900905897,19.43071809615248
optimistic_cold,60.0,0.001,1,38.83792468742084,0.2267596737258684,40.178073292182056,0.391569038935955
pessimistic_warm,120.0,3e-07,2,67.26925881914649,0.9144469913330331,4.913101114143291,29.936602587892647
pessimistic_warm,50.0,1e-05,3,95.13309815282291,1.5677909771379304,5.847693089752086,6.130001104309631
apollo_classic,50.0,1e-06,2,67.26925881914649,0.20086345972420414,49.78001839091829,16.326676556093474
optimistic_cold,60.0,0.001,2,67.26925881914649,0.19834283096785224,79.82083556783198,0.5153342439715299
pessimistic_warm,120.0,3e-07,1,38.83792468742084,0.697043638679903,3.707741018637186,22.688192744138682
pessimistic_warm,50.0,1e-05,2,67.26925881914649,1.318952480297699,4.913101114143291,5.154296806813111
apollo_classic,50.0,1e-06,1,38.83792468742084,0.17816230807295425,30.63401703249489,12.395842264925669
optimistic_cold,60.0,0.001,3,95.13309815282291,0.17078299889414814,131.33369607958164,0.6128396245231282
pessimistic_warm,120.0,1e-07,3,95.13309815282291,0.6561505742552907,5.847693089752086,62.83844678543254
pessimistic_warm,50.0,1e-05,1,38.83792468742084,1.0055679108294928,3.707741018637186,3.9161091121401452
apollo_classic,50.0,3e-07,3,95.13309815282291,0.18043175147301205,68.38534900905897,35.690129564212654
optimistic_cold,70.0,1e-07,1,38.83792468742084,0.13457914395378248,40.178073292182056,39.57290707935288
pessimistic_warm,120.0,1e-07,2,67.26925881914649,0.5553613724708452,4.913101114143291,52.469727938929566
pessimistic_warm,50.0,3e-06,3,95.13309815282291,1.101612805660495,5.847693089752086,11.198696338435685
apollo_classic,70.0,1e-05,2,67.26925881914649,0.3384002726578591,49.78001839091829,5.154296806813111
apollo_classic,50.0,3e-07,2,67.26925881914649,0.16657027474256358,49.78001839091829,29.936602587892647
optimistic_cold,70.0,1e-07,2,67.26925881914649,0.14052239818477252,79.82083556783198,52.469727938929566
pessimistic_warm,120.0,1e-07,1,38.83792468742084,0.4251118808272523,3.707741018637186,39.57290707935288
pessimistic_warm,50.0,3e-06,2,67.26925881914649,0.9267708088779251,4.913101114143291,9.414518326164727
apollo_classic,50.0,3e-07,1,38.83792468742084,0.14377309343699368,30.63401703249489,22.688192744138682
optimistic_cold,100.0,0.001,2,67.26925881914649,0.33057138494642035,79.82083556783198,0.5153342439715299
optimistic_cold,70.0,1e-07,3,95.13309815282291,0.13539495856720637,131.33369607958164,62.83844678543254
pessimistic_warm,100.0,0.001,3,95.13309815282291,5.813304170064568,5.847693089752086,0.6128396245231282
pessimistic_warm,50.0,3e-06,1,38.83792468742084,0.7059632248483765,3.707741018637186,7.151605160661953
apollo_classic,70.0,1e-05,1,38.83792468742084,0.3106448475165026,30.63401703249489,3.9161091121401452
apollo_classic,50.0,1e-07,3,95.13309815282291,0.14310301550624416,68.38534900905897,62.83844678543254
optimistic_cold,70.0,3e-07,1,38.83792468742084,0.1707246086744716,40.178073292182056,22.688192744138682
pessimistic_warm,100.0,0.001,2,67.26925881914649,4.892171899271046,4.913101114143291,0.5153342439715299
pessimistic_warm,50.0,1e-06,3,95.13309815282291,0.7428679257673592,5.847693089752086,19.43071809615248
apollo_classic,50.0,1e-07,2,67.26925881914649,0.1298626151614542,49.78001839091829,52.469727938929566
optimistic_cold,70.0,3e-07,2,67.26925881914649,0.16937154833014378,79.82083556783198,29.936602587892647
pessimistic_warm,100.0,0.001,1,38.83792468742084,3.7402874829241344,3.707741018637186,0.391569038935955
pessimistic_warm,50.0,1e-06,2,67.26925881914649,0.6251675353737979,4.913101114143291,16.326676556093474
apollo_classic,50.0,1e-07,1,38.83792468742084,0.10919576872887371,30.63401703249489,39.57290707935288
pessimistic_warm,100.0,0.0003,3,95.13309815282291,5.391024618075131,5.847693089752086,1.1188938634613523
pessimistic_warm,50.0,1e-06,1,38.83792468742084,0.47606168847575747,3.707741018637186,12.395842264925669
apollo_classic,40.0,0.001,3,95.13309815282291,0.21772769698742664,68.38534900905897,0.6128396245231282
pessimistic_warm,100.0,0.0003,2,67.26925881914649,4.53654997782032,4.913101114143291,0.9408714081077424
pessimistic_warm,50.0,3e-07,3,95.13309815282291,0.4520824560498466,5.847693089752086,35.690129564212654
apollo_classic,40.0,0.001,2,67.26925881914649,0.21120709985881475,49.78001839091829,0.5153342439715299
nominal,60.0,0.001,3,95.13309815282291,0.46200430463540176,48.16208484078906,0.6128396245231282
optimistic_cold,70.0,3e-07,3,95.13309815282291,0.1574022696269804,131.33369607958164,35.690129564212654
pessimistic_warm,100.0,0.0003,1,38.83792468742084,3.466837568342345,3.707741018637186,0.7149057869058422
pessimistic_warm,50.0,3e-07,2,67.26925881914649,0.3810195797220971,4.913101114143291,29.936602587892647
apollo_classic,40.0,0.001,1,38.83792468742084,0.19767682146812987,30.63401703249489,0.391569038935955
nominal,70.0,0.0003,2,67.26925881914649,0.5041486565162522,35.932751085788176,0.9408714081077424
optimistic_cold,70.0,1e-06,1,38.83792468742084,0.20414721928439394,40.178073292182056,12.395842264925669
pessimistic_warm,100.0,0.0001,3,95.13309815282291,4.823843937890846,5.847693089752086,1.9380152068467316
pessimistic_warm,50.0,3e-07,1,38.83792468742084,0.2904348494499596,3.707741018637186,22.688192744138682
apollo_classic,40.0,0.0003,3,95.13309815282291,0.21614244090173945,68.38534900905897,1.1188938634613523
optimistic_cold,70.0,1e-06,2,67.26925881914649,0.1933465238000597,79.82083556783198,16.326676556093474
pessimistic_warm,100.0,0.0001,2,67.26925881914649,4.058966690701021,4.913101114143291,1.6296574102909376
pessimistic_warm,50.0,1e-07,3,95.13309815282291,0.2733960726063711,5.847693089752086,62.83844678543254
apollo_classic,40.0,0.0003,2,67.26925881914649,0.20943511851788255,49.78001839091829,0.9408714081077424
nominal,70.0,1e-07,1,38.83792468742084,0.17245359329102217,22.663074572615553,39.57290707935288
pessimistic_warm,100.0,0.0001,1,38.83792468742084,3.099997683494313,3.707741018637186,1.2382620634305879
pessimistic_warm,50.0,1e-07,2,67.26925881914649,0.23140057186285215,4.913101114143291,52.469727938929566
apollo_classic,70.0,3e-06,3,95.13309815282291,0.33034170509079164,68.38534900905897,11.198696338435685
apollo_classic,40.0,0.0003,1,38.83792468742084,0.19563795777349047,30.63401703249489,0.7149057869058422
nominal,70.0,1e-07,2,67.26925881914649,0.21028581377211483,35.932751085788176,52.469727938929566
pessimistic_warm,100.0,3e-05,3,95.13309815282291,4.001292717345043,5.847693089752086,3.538533917817282
apollo_classic,40.0,0.0001,3,95.13309815282291,0.21362482974180602,68.38534900905897,1.9380152068467316
nominal,70.0,1e-07,3,95.13309815282291,0.23684507500055804,48.16208484078906,62.83844678543254
pessimistic_warm,100.0,3e-05,2,67.26925881914649,3.3664981852738647,4.913101114143291,2.9754636360611677
apollo_classic,40.0,0.0001,2,67.26925881914649,0.20662911019838825,49.78001839091829,1.6296574102909376
nominal,70.0,3e-07,1,38.83792468742084,0.23665972976925012,22.663074572615553,22.688192744138682
pessimistic_warm,100.0,3e-05,1,38.83792468742084,2.568900527344974,3.707741018637186,2.26080386418569
apollo_classic,70.0,3e-06,2,67.26925881914649,0.3140456581328431,49.78001839091829,9.414518326164727
apollo_classic,40.0,0.0001,1,38.83792468742084,0.1924254999251175,30.63401703249489,1.2382620634305879
nominal,70.0,3e-07,2,67.26925881914649,0.282222098812136,35.932751085788176,29.936602587892647
pessimistic_warm,100.0,1e-05,3,95.13309815282291,3.1355819542758607,5.847693089752086,6.130001104309631
apollo_classic,70.0,3e-06,1,38.83792468742084,0.2840450426622814,30.63401703249489,7.151605160661953
apollo_classic,40.0,3e-05,3,95.13309815282291,0.20887104666981485,68.38534900905897,3.538533917817282
nominal,70.0,3e-07,3,95.13309815282291,0.313526952444396,48.16208484078906,35.690129564212654
pessimistic_warm,100.0,1e-05,2,67.26925881914649,2.637904960595398,4.913101114143291,5.154296806813111
apollo_classic,70.0,1e-06,3,95.13309815282291,0.2993749333663121,68.38534900905897,19.43071809615248
apollo_classic,40.0,3e-05,2,67.26925881914649,0.20135794723587108,49.78001839091829,2.9754636360611677
pessimistic_warm,100.0,1e-05,1,38.83792468742084,2.0111358216589856,3.707741018637186,3.9161091121401452
apollo_classic,70.0,1e-06,2,67.26925881914649,0.28120884361388576,49.78001839091829,16.326676556093474
apollo_classic,40.0,3e-05,1,38.83792468742084,0.1864439164465923,30.63401703249489,2.26080386418569
pessimistic_warm,100.0,3e-06,3,95.13309815282291,2.20322561132099,5.847693089752086,11.198696338435685
apollo_classic,70.0,1e-06,1,38.83792468742084,0.24942723130213593,30.63401703249489,12.395842264925669
optimistic_cold,70.0,1e-06,3,95.13309815282291,0.1743775504441664,131.33369607958164,19.43071809615248
pessimistic_warm,200.0,1e-07,2,67.26925881914649,0.9256022874514086,4.913101114143291,52.469727938929566
apollo_classic,70.0,3e-07,3,95.13309815282291,0.2526044520622168,68.38534900905897,35.690129564212654
optimistic_cold,70.0,3e-06,1,38.83792468742084,0.22676720017376653,40.178073292182056,7.151605160661953
apollo_classic,70.0,3e-07,2,67.26925881914649,0.233198384639589,49.78001839091829,29.936602587892647
optimistic_cold,70.0,3e-06,2,67.26925881914649,0.20832311892064684,79.82083556783198,9.414518326164727
pessimistic_warm,150.0,0.001,3,95.13309815282291,8.719956255096854,5.847693089752086,0.6128396245231282
apollo_classic,70.0,3e-07,1,38.83792468742084,0.20128233081179112,30.63401703249489,22.688192744138682
optimistic_cold,70.0,3e-06,3,95.13309815282291,0.18444880347627557,131.33369607958164,11.198696338435685
apollo_classic,70.0,1e-07,3,95.13309815282291,0.2003442217087418,68.38534900905897,62.83844678543254
optimistic_cold,70.0,1e-05,1,38.83792468742084,0.24340668275604602,40.178073292182056,3.9161091121401452
apollo_classic,70.0,1e-07,2,67.26925881914649,0.18180766122603587,49.78001839091829,52.469727938929566
nominal,70.0,1e-06,1,38.83792468742084,0.30613663045012673,22.663074572615553,12.395842264925669
optimistic_cold,70.0,1e-05,2,67.26925881914649,0.2187673819585824,79.82083556783198,5.154296806813111
apollo_classic,70.0,1e-07,1,38.83792468742084,0.15287407622042318,30.63401703249489,39.57290707935288
nominal,70.0,1e-06,2,67.26925881914649,0.35572121777864424,35.932751085788176,16.326676556093474
optimistic_cold,70.0,1e-05,3,95.13309815282291,0.1912499792795844,131.33369607958164,6.130001104309631
pessimistic_warm,50.0,1e-07,1,38.83792468742084,0.17712995034468845,3.707741018637186,39.57290707935288
apollo_classic,60.0,0.001,3,95.13309815282291,0.32659154548113994,68.38534900905897,0.6128396245231282
optimistic_cold,100.0,0.001,3,95.13309815282291,0.28463833149024687,131.33369607958164,0.6128396245231282
optimistic_cold,70.0,3e-05,1,38.83792468742084,0.2529006276092221,40.178073292182056,2.26080386418569
pessimistic_warm,40.0,0.001,3,95.13309815282291,2.3253216680258273,5.847693089752086,0.6128396245231282
apollo_classic,60.0,0.001,2,67.26925881914649,0.3168106497882221,49.78001839091829,0.5153342439715299
nominal,70.0,1e-06,3,95.13309815282291,0.38894568794018775,48.16208484078906,19.43071809615248
optimistic_cold,200.0,1e-05,2,67.26925881914649,0.6250496627388069,79.82083556783198,5.154296806813111
optimistic_cold,70.0,3e-05,2,67.26925881914649,0.2245243739144198,79.82083556783198,2.9754636360611677
pessimistic_warm,150.0,0.0001,3,95.13309815282291,7.235765906836269,5.847693089752086,1.9380152068467316
apollo_classic,60.0,0.001,1,38.83792468742084,0.29651523220219483,30.63401703249489,0.391569038935955
nominal,70.0,0.0003,3,95.13309815282291,0.5334701121884741,48.16208484078906,1.1188938634613523
optimistic_cold,80.0,0.001,3,95.13309815282291,0.22771066519219751,131.33369607958164,0.6128396245231282
optimistic_cold,70.0,3e-05,3,95.13309815282291,0.19492470198365727,131.33369607958164,3.538533917817282
pessimistic_warm,150.0,0.0001,2,67.26925881914649,6.088450036051531,4.913101114143291,1.6296574102909376
apollo_classic,60.0,0.0003,3,95.13309815282291,0.32421366135260915,68.38534900905897,1.1188938634613523
optimistic_cold,200.0,1e-05,3,95.13309815282291,0.546428512227384,131.33369607958164,6.130001104309631
optimistic_cold,100.0,1e-07,1,38.83792468742084,0.19225591993397498,40.178073292182056,39.57290707935288
optimistic_cold,70.0,0.0001,1,38.83792468742084,0.2591445760645164,40.178073292182056,1.2382620634305879
pessimistic_warm,150.0,0.0001,1,38.83792468742084,4.64999652524147,3.707741018637186,1.2382620634305879
apollo_classic,60.0,0.0003,2,67.26925881914649,0.3141526777768238,49.78001839091829,0.9408714081077424
nominal,70.0,3e-06,1,38.83792468742084,0.3599843689045802,22.663074572615553,7.151605160661953
pessimistic_warm,150.0,3e-05,3,95.13309815282291,6.001939076017566,5.847693089752086,3.538533917817282
apollo_classic,60.0,0.0003,1,38.83792468742084,0.29345693666023576,30.63401703249489,0.7149057869058422
nominal,70.0,3e-06,2,67.26925881914649,0.4099428142477103,35.932751085788176,9.414518326164727
pessimistic_warm,150.0,3e-05,2,67.26925881914649,5.0497472779107975,4.913101114143291,2.9754636360611677
apollo_classic,60.0,0.0001,3,95.13309815282291,0.32043724461270906,68.38534900905897,1.9380152068467316
nominal,70.0,3e-06,3,95.13309815282291,0.4428838151361002,48.16208484078906,11.198696338435685
optimistic_cold,200.0,3e-05,1,38.83792468742084,0.7225732217406347,40.178073292182056,2.26080386418569
optimistic_cold,100.0,1e-07,2,67.26925881914649,0.20074628312110362,79.82083556783198,52.469727938929566
optimistic_cold,80.0,1e-07,2,67.26925881914649,0.1605970264968829,79.82083556783198,52.469727938929566
pessimistic_warm,150.0,3e-05,1,38.83792468742084,3.853350791017461,3.707741018637186,2.26080386418569
nominal,70.0,1e-05,1,38.83792468742084,0.4038054289090832,22.663074572615553,3.9161091121401452
optimistic_cold,200.0,3e-05,2,67.26925881914649,0.6414982111840566,79.82083556783198,2.9754636360611677
optimistic_cold,100.0,1e-07,3,95.13309815282291,0.19342136938172338,131.33369607958164,62.83844678543254
apollo_classic,60.0,0.0001,2,67.26925881914649,0.3099436652975824,49.78001839091829,1.6296574102909376
pessimistic_warm,150.0,1e-05,3,95.13309815282291,4.703372931413791,5.847693089752086,6.130001104309631
apollo_classic,60.0,0.0001,1,38.83792468742084,0.2886382498876763,30.63401703249489,1.2382620634305879
nominal,70.0,1e-05,2,67.26925881914649,0.45244884202382957,35.932751085788176,5.154296806813111
optimistic_cold,200.0,3e-05,3,95.13309815282291,0.5569277199533065,131.33369607958164,3.538533917817282
optimistic_cold,70.0,0.0001,2,67.26925881914649,0.22823418940113943,79.82083556783198,1.6296574102909376
pessimistic_warm,150.0,1e-05,2,67.26925881914649,3.9568574408930974,4.913101114143291,5.154296806813111
pessimistic_warm,40.0,0.001,2,67.26925881914649,1.9568687597084187,4.913101114143291,0.5153342439715299
apollo_classic,60.0,3e-05,3,95.13309815282291,0.3133065700047223,68.38534900905897,3.538533917817282
optimistic_cold,100.0,3e-07,1,38.83792468742084,0.243892298106388,40.178073292182056,22.688192744138682
optimistic_cold,120.0,1e-07,1,38.83792468742084,0.23070710392076998,40.178073292182056,39.57290707935288
pessimistic_warm,40.0,0.001,1,38.83792468742084,1.4961149931696536,3.707741018637186,0.391569038935955
pessimistic_warm,100.0,3e-06,2,67.26925881914649,1.8535416177558501,4.913101114143291,9.414518326164727
pessimistic_warm,40.0,0.0003,3,95.13309815282291,2.156409847230053,5.847693089752086,1.1188938634613523
apollo_classic,40.0,1e-05,3,95.13309815282291,0.20160700694069028,68.38534900905897,6.130001104309631
optimistic_cold,100.0,3e-07,2,67.26925881914649,0.24195935475734828,79.82083556783198,29.936602587892647
pessimistic_warm,100.0,3e-06,1,38.83792468742084,1.411926449696753,3.707741018637186,7.151605160661953
pessimistic_warm,40.0,0.0003,2,67.26925881914649,1.814619991128128,4.913101114143291,0.9408714081077424
apollo_classic,40.0,1e-05,2,67.26925881914649,0.1933715843759195,49.78001839091829,5.154296806813111
nominal,70.0,1e-05,3,95.13309815282291,0.4842313346497536,48.16208484078906,6.130001104309631
optimistic_cold,200.0,0.0001,1,38.83792468742084,0.7404130744700469,40.178073292182056,1.2382620634305879
optimistic_cold,100.0,3e-07,3,95.13309815282291,0.22486038518140056,131.33369607958164,35.690129564212654
pessimistic_warm,40.0,0.0003,1,38.83792468742084,1.3867350273369379,3.707741018637186,0.7149057869058422
optimistic_cold,200.0,0.0001,2,67.26925881914649,0.6520976840032556,79.82083556783198,1.6296574102909376
optimistic_cold,100.0,1e-06,1,38.83792468742084,0.2916388846919914,40.178073292182056,12.395842264925669
pessimistic_warm,40.0,0.0001,3,95.13309815282291,1.9295375751563384,5.847693089752086,1.9380152068467316
nominal,70.0,3e-05,1,38.83792468742084,0.4306239374056883,22.663074572615553,2.26080386418569
optimistic_cold,200.0,0.0001,3,95.13309815282291,0.5636161103689417,131.33369607958164,1.9380152068467316
optimistic_cold,100.0,1e-06,2,67.26925881914649,0.276209319714371,79.82083556783198,16.326676556093474
pessimistic_warm,40.0,0.0001,2,67.26925881914649,1.623586676280408,4.913101114143291,1.6296574102909376
optimistic_cold,100.0,1e-06,3,95.13309815282291,0.24911078634880912,131.33369607958164,19.43071809615248
pessimistic_warm,40.0,0.0001,1,38.83792468742084,1.239999073397725,3.707741018637186,1.2382620634305879
nominal,70.0,3e-05,2,67.26925881914649,0.4777856649060225,35.932751085788176,2.9754636360611677
optimistic_cold,100.0,3e-06,1,38.83792468742084,0.32395314310538076,40.178073292182056,7.151605160661953
pessimistic_warm,40.0,3e-05,3,95.13309815282291,1.6005170869380174,5.847693089752086,3.538533917817282
nominal,70.0,0.001,1,38.83792468742084,0.4655382598279859,22.663074572615553,0.391569038935955
optimistic_cold,200.0,0.0003,1,38.83792468742084,0.7498890245835236,40.178073292182056,0.7149057869058422
optimistic_cold,100.0,3e-06,2,67.26925881914649,0.2976044556009241,79.82083556783198,9.414518326164727
pessimistic_warm,40.0,3e-05,2,67.26925881914649,1.346599274109546,4.913101114143291,2.9754636360611677
optimistic_cold,200.0,0.0003,2,67.26925881914649,0.6576591781025733,79.82083556783198,0.9408714081077424
optimistic_cold,100.0,3e-06,3,95.13309815282291,0.26349829068039365,131.33369607958164,11.198696338435685
pessimistic_warm,40.0,3e-05,1,38.83792468742084,1.0275602109379895,3.707741018637186,2.26080386418569
optimistic_cold,200.0,0.0003,3,95.13309815282291,0.5671016593165128,131.33369607958164,1.1188938634613523
pessimistic_warm,40.0,1e-05,3,95.13309815282291,1.2542327817103442,5.847693089752086,6.130001104309631
apollo_classic,40.0,1e-05,1,38.83792468742084,0.17751134143800149,30.63401703249489,3.9161091121401452
optimistic_cold,200.0,0.001,1,38.83792468742084,0.755865579086228,40.178073292182056,0.391569038935955
pessimistic_warm,100.0,1e-06,3,95.13309815282291,1.4857358515347183,5.847693089752086,19.43071809615248
pessimistic_warm,40.0,1e-05,2,67.26925881914649,1.0551619842381592,4.913101114143291,5.154296806813111
nominal,70.0,3e-05,3,95.13309815282291,0.5085031837019922,48.16208484078906,3.538533917817282
optimistic_cold,200.0,0.001,2,67.26925881914649,0.6611427698928407,79.82083556783198,0.5153342439715299
optimistic_cold,70.0,0.0001,3,95.13309815282291,0.19726563862912957,131.33369607958164,1.9380152068467316
pessimistic_warm,40.0,1e-05,1,38.83792468742084,0.8044543286635941,3.707741018637186,3.9161091121401452
nominal,70.0,0.0001,1,38.83792468742084,0.4490467973113134,22.663074572615553,1.2382620634305879
optimistic_cold,200.0,0.001,3,95.13309815282291,0.5692766629804937,131.33369607958164,0.6128396245231282
optimistic_cold,70.0,0.0003,1,38.83792468742084,0.26246115860423325,40.178073292182056,0.7149057869058422
pessimistic_warm,40.0,3e-06,3,95.13309815282291,0.8812902445283961,5.847693089752086,11.198696338435685
apollo_classic,40.0,3e-06,3,95.13309815282291,0.18876668862330953,68.38534900905897,11.198696338435685
nominal,40.0,1e-07,1,38.83792468742084,0.09854491045201266,22.663074572615553,39.57290707935288
optimistic_cold,100.0,1e-05,1,38.83792468742084,0.3477238325086372,40.178073292182056,3.9161091121401452
optimistic_cold,70.0,0.0003,2,67.26925881914649,0.23018071233590068,79.82083556783198,0.9408714081077424
pessimistic_warm,100.0,1e-06,2,67.26925881914649,1.2503350707475958,4.913101114143291,16.326676556093474
pessimistic_warm,40.0,3e-06,2,67.26925881914649,0.74141664710234,4.913101114143291,9.414518326164727
apollo_classic,60.0,3e-05,2,67.26925881914649,0.3020369208538066,49.78001839091829,2.9754636360611677
apollo_classic,40.0,3e-06,2,67.26925881914649,0.17945466179019606,49.78001839091829,9.414518326164727
nominal,70.0,0.001,2,67.26925881914649,0.5100346718626286,35.932751085788176,0.5153342439715299
nominal,40.0,1e-07,2,67.26925881914649,0.1201633221554942,35.932751085788176,52.469727938929566
optimistic_cold,70.0,0.0003,3,95.13309815282291,0.1984855807607795,131.33369607958164,1.1188938634613523
pessimistic_warm,100.0,1e-06,1,38.83792468742084,0.9521233769515149,3.707741018637186,12.395842264925669
pessimistic_warm,40.0,3e-06,1,38.83792468742084,0.564770579878701,3.707741018637186,7.151605160661953
apollo_classic,60.0,3e-05,1,38.83792468742084,0.27966587466988846,30.63401703249489,2.26080386418569
apollo_classic,40.0,3e-06,1,38.83792468742084,0.1623114529498751,30.63401703249489,7.151605160661953
optimistic_cold,70.0,0.001,1,38.83792468742084,0.26455295268017975,40.178073292182056,0.391569038935955
pessimistic_warm,100.0,3e-07,3,95.13309815282291,0.9041649120996932,5.847693089752086,35.690129564212654
pessimistic_warm,40.0,1e-06,3,95.13309815282291,0.5942943406138873,5.847693089752086,19.43071809615248
apollo_classic,40.0,1e-06,3,95.13309815282291,0.1710713904950355,68.38534900905897,19.43071809615248
optimistic_cold,70.0,0.001,2,67.26925881914649,0.23139996946249425,79.82083556783198,0.5153342439715299
pessimistic_warm,150.0,3e-06,3,95.13309815282291,3.3048384169814855,5.847693089752086,11.198696338435685
pessimistic_warm,100.0,3e-07,2,67.26925881914649,0.7620391594441942,4.913101114143291,29.936602587892647
pessimistic_warm,40.0,1e-06,2,67.26925881914649,0.5001340282990383,4.913101114143291,16.326676556093474
apollo_classic,40.0,1e-06,2,67.26925881914649,0.1606907677793633,49.78001839091829,16.326676556093474
optimistic_cold,80.0,1e-07,1,38.83792468742084,0.15380473594717997,40.178073292182056,39.57290707935288
pessimistic_warm,100.0,3e-07,1,38.83792468742084,0.5808696988999192,3.707741018637186,22.688192744138682
pessimistic_warm,40.0,1e-06,1,38.83792468742084,0.38084935078060594,3.707741018637186,12.395842264925669
apollo_classic,40.0,1e-06,1,38.83792468742084,0.1425298464583634,30.63401703249489,12.395842264925669
optimistic_cold,80.0,1e-07,3,95.13309815282291,0.1547370955053787,131.33369607958164,62.83844678543254
pessimistic_warm,100.0,1e-07,3,95.13309815282291,0.5467921452127422,5.847693089752086,62.83844678543254
pessimistic_warm,40.0,3e-07,3,95.13309815282291,0.3616659648398773,5.847693089752086,35.690129564212654
apollo_classic,40.0,3e-07,3,95.13309815282291,0.14434540117840963,68.38534900905897,35.690129564212654
nominal,70.0,0.0001,2,67.26925881914649,0.4949040273369463,35.932751085788176,1.6296574102909376
optimistic_cold,80.0,3e-07,1,38.83792468742084,0.19511383848511038,40.178073292182056,22.688192744138682
pessimistic_warm,100.0,1e-07,2,67.26925881914649,0.4628011437257043,4.913101114143291,52.469727938929566
pessimistic_warm,40.0,3e-07,2,67.26925881914649,0.3048156637776777,4.913101114143291,29.936602587892647
apollo_classic,40.0,3e-07,2,67.26925881914649,0.13325621979405086,49.78001839091829,29.936602587892647
optimistic_cold,80.0,3e-07,2,67.26925881914649,0.19356748380587863,79.82083556783198,29.936602587892647
pessimistic_warm,100.0,1e-07,1,38.83792468742084,0.3542599006893769,3.707741018637186,39.57290707935288
pessimistic_warm,40.0,3e-07,1,38.83792468742084,0.2323478795599677,3.707741018637186,22.688192744138682
apollo_classic,40.0,3e-07,1,38.83792468742084,0.11501847474959492,30.63401703249489,22.688192744138682
optimistic_cold,100.0,1e-05,2,67.26925881914649,0.31252483136940346,79.82083556783198,5.154296806813111
optimistic_cold,80.0,3e-07,3,95.13309815282291,0.17988830814512044,131.33369607958164,35.690129564212654
pessimistic_warm,80.0,0.001,3,95.13309815282291,4.650643336051655,5.847693089752086,0.6128396245231282
pessimistic_warm,40.0,1e-07,3,95.13309815282291,0.21871685808509686,5.847693089752086,62.83844678543254
apollo_classic,40.0,1e-07,3,95.13309815282291,0.11448241240499533,68.38534900905897,62.83844678543254
nominal,40.0,1e-07,3,95.13309815282291,0.13534004285746173,48.16208484078906,62.83844678543254
optimistic_cold,120.0,1e-07,2,67.26925881914649,0.24089553974532435,79.82083556783198,52.469727938929566
optimistic_cold,80.0,1e-06,1,38.83792468742084,0.2333111077535931,40.178073292182056,12.395842264925669
pessimistic_warm,80.0,0.001,2,67.26925881914649,3.9137375194168373,4.913101114143291,0.5153342439715299
apollo_classic,60.0,1e-05,3,95.13309815282291,0.3024105104110354,68.38534900905897,6.130001104309631
apollo_classic,40.0,1e-07,2,67.26925881914649,0.10389009212916336,49.78001839091829,52.469727938929566
nominal,70.0,0.001,3,95.13309815282291,0.5390050220746354,48.16208484078906,0.6128396245231282
nominal,40.0,3e-07,1,38.83792468742084,0.13523413129671435,22.663074572615553,22.688192744138682
pessimistic_warm,80.0,0.001,1,38.83792468742084,2.992229986339307,3.707741018637186,0.391569038935955
apollo_classic,40.0,1e-07,1,38.83792468742084,0.08735661498309896,30.63401703249489,39.57290707935288
optimistic_cold,80.0,0.001,1,38.83792468742084,0.30234623163449115,40.178073292182056,0.391569038935955
pessimistic_warm,80.0,0.0003,3,95.13309815282291,4.312819694460106,5.847693089752086,1.1188938634613523
nominal,200.0,0.001,3,95.13309815282291,1.5400143487846725,48.16208484078906,0.6128396245231282
optimistic_cold,80.0,0.0003,3,95.13309815282291,0.22684066372660514,131.33369607958164,1.1188938634613523
pessimistic_warm,80.0,0.0003,2,67.26925881914649,3.629239982256256,4.913101114143291,0.9408714081077424
apollo_classic,60.0,1e-05,2,67.26925881914649,0.29005737656387925,49.78001839091829,5.154296806813111
nominal,200.0,0.001,2,67.26925881914649,1.4572419196075106,35.932751085788176,0.5153342439715299
pessimistic_warm,150.0,3e-06,1,38.83792468742084,2.1178896745451294,3.707741018637186,7.151605160661953
pessimistic_warm,80.0,0.0003,1,38.83792468742084,2.7734700546738758,3.707741018637186,0.7149057869058422
apollo_classic,60.0,1e-05,1,38.83792468742084,0.26626701215700227,30.63401703249489,3.9161091121401452
nominal,200.0,0.001,1,38.83792468742084,1.3301093137942455,22.663074572615553,0.391569038935955
optimistic_cold,80.0,1e-06,2,67.26925881914649,0.22096745577149685,79.82083556783198,16.326676556093474
pessimistic_warm,150.0,1e-06,3,95.13309815282291,2.2286037773020775,5.847693089752086,19.43071809615248
pessimistic_warm,80.0,0.0001,3,95.13309815282291,3.859075150312677,5.847693089752086,1.9380152068467316
apollo_classic,60.0,3e-06,3,95.13309815282291,0.2831500329349643,68.38534900905897,11.198696338435685
nominal,200.0,0.0003,3,95.13309815282291,1.5242003205384973,48.16208484078906,1.1188938634613523
nominal,40.0,3e-07,2,67.26925881914649,0.161269770749792,35.932751085788176,29.936602587892647
optimistic_cold,100.0,0.0001,2,67.26925881914649,0.3260488420016278,79.82083556783198,1.6296574102909376
pessimistic_warm,150.0,1e-06,2,67.26925881914649,1.8755026061213937,4.913101114143291,16.326676556093474
pessimistic_warm,80.0,0.0001,2,67.26925881914649,3.247173352560816,4.913101114143291,1.6296574102909376
apollo_classic,60.0,3e-06,2,67.26925881914649,0.26918199268529414,49.78001839091829,9.414518326164727
nominal,200.0,0.0003,2,67.26925881914649,1.4404247329035778,35.932751085788176,0.9408714081077424
optimistic_cold,100.0,3e-05,1,38.83792468742084,0.3612866108703173,40.178073292182056,2.26080386418569
pessimistic_warm,150.0,1e-06,1,38.83792468742084,1.4281850654272725,3.707741018637186,12.395842264925669
pessimistic_warm,80.0,0.0001,1,38.83792468742084,2.47999814679545,3.707741018637186,1.2382620634305879
apollo_classic,60.0,3e-06,1,38.83792468742084,0.24346717942481264,30.63401703249489,7.151605160661953
nominal,200.0,0.0003,1,38.83792468742084,1.3117128050559905,22.663074572615553,0.7149057869058422
pessimistic_warm,150.0,3e-07,3,95.13309815282291,1.3562473681495397,5.847693089752086,35.690129564212654
pessimistic_warm,80.0,3e-05,3,95.13309815282291,3.201034173876035,5.847693089752086,3.538533917817282
apollo_classic,60.0,1e-06,3,95.13309815282291,0.25660708574255325,68.38534900905897,19.43071809615248
nominal,200.0,0.0001,3,95.13309815282291,1.4992801105396985,48.16208484078906,1.9380152068467316
pessimistic_warm,150.0,3e-07,2,67.26925881914649,1.1430587391662914,4.913101114143291,29.936602587892647
pessimistic_warm,80.0,3e-05,2,67.26925881914649,2.693198548219092,4.913101114143291,2.9754636360611677
apollo_classic,60.0,1e-06,2,67.26925881914649,0.24103615166904496,49.78001839091829,16.326676556093474
nominal,100.0,3e-05,2,67.26925881914649,0.6825509498657464,35.932751085788176,2.9754636360611677
pessimistic_warm,150.0,3e-07,1,38.83792468742084,0.8713045483498789,3.707741018637186,22.688192744138682
pessimistic_warm,80.0,3e-05,1,38.83792468742084,2.055120421875979,3.707741018637186,2.26080386418569
apollo_classic,60.0,1e-06,1,38.83792468742084,0.21379476968754507,30.63401703249489,12.395842264925669
nominal,40.0,3e-07,3,95.13309815282291,0.17915825853965486,48.16208484078906,35.690129564212654
pessimistic_warm,150.0,1e-07,3,95.13309815282291,0.8201882178191133,5.847693089752086,62.83844678543254
pessimistic_warm,80.0,1e-05,3,95.13309815282291,2.5084655634206885,5.847693089752086,6.130001104309631
apollo_classic,60.0,3e-07,3,95.13309815282291,0.21651810176761446,68.38534900905897,35.690129564212654
pessimistic_warm,150.0,1e-07,2,67.26925881914649,0.6942017155885565,4.913101114143291,52.469727938929566
pessimistic_warm,80.0,1e-05,2,67.26925881914649,2.1103239684763184,4.913101114143291,5.154296806813111
apollo_classic,60.0,3e-07,2,67.26925881914649,0.1998843296910763,49.78001839091829,29.936602587892647
pessimistic_warm,150.0,1e-07,1,38.83792468742084,0.5313898510340654,3.707741018637186,39.57290707935288
pessimistic_warm,80.0,1e-05,1,38.83792468742084,1.6089086573271882,3.707741018637186,3.9161091121401452
apollo_classic,60.0,3e-07,1,38.83792468742084,0.1725277121243924,30.63401703249489,22.688192744138682
nominal,80.0,1e-07,1,38.83792468742084,0.19708982090402533,22.663074572615553,39.57290707935288
nominal,40.0,1e-06,1,38.83792468742084,0.17493521740007242,22.663074572615553,12.395842264925669
pessimistic_warm,120.0,0.001,3,95.13309815282291,6.975965004077483,5.847693089752086,0.6128396245231282
pessimistic_warm,80.0,3e-06,3,95.13309815282291,1.7625804890567922,5.847693089752086,11.198696338435685
apollo_classic,60.0,1e-07,3,95.13309815282291,0.171723618607493,68.38534900905897,62.83844678543254
nominal,40.0,1e-06,2,67.26925881914649,0.20326926730208242,35.932751085788176,16.326676556093474
pessimistic_warm,120.0,0.001,2,67.26925881914649,5.870606279125256,4.913101114143291,0.5153342439715299
pessimistic_warm,80.0,3e-06,2,67.26925881914649,1.48283329420468,4.913101114143291,9.414518326164727
apollo_classic,60.0,1e-07,2,67.26925881914649,0.15583513819374503,49.78001839091829,52.469727938929566
pessimistic_warm,120.0,0.001,1,38.83792468742084,4.488344979508961,3.707741018637186,0.391569038935955
pessimistic_warm,80.0,3e-06,1,38.83792468742084,1.129541159757402,3.707741018637186,7.151605160661953
apollo_classic,60.0,1e-07,1,38.83792468742084,0.13103492247464843,30.63401703249489,39.57290707935288
pessimistic_warm,120.0,0.0003,3,95.13309815282291,6.469229541690158,5.847693089752086,1.1188938634613523
pessimistic_warm,80.0,1e-06,3,95.13309815282291,1.1885886812277746,5.847693089752086,19.43071809615248
apollo_classic,50.0,0.001,3,95.13309815282291,0.2721596212342833,68.38534900905897,0.6128396245231282
pessimistic_warm,120.0,0.0003,2,67.26925881914649,5.4438599733843835,4.913101114143291,0.9408714081077424
pessimistic_warm,80.0,1e-06,2,67.26925881914649,1.0002680565980766,4.913101114143291,16.326676556093474
apollo_classic,50.0,0.001,2,67.26925881914649,0.2640088748235184,49.78001839091829,0.5153342439715299
pessimistic_warm,120.0,0.0003,1,38.83792468742084,4.160205082010814,3.707741018637186,0.7149057869058422
pessimistic_warm,80.0,1e-06,1,38.83792468742084,0.7616987015612119,3.707741018637186,12.395842264925669
apollo_classic,50.0,0.001,1,38.83792468742084,0.24709602683516238,30.63401703249489,0.391569038935955
pessimistic_warm,120.0,0.0001,3,95.13309815282291,5.788612725469015,5.847693089752086,1.9380152068467316
pessimistic_warm,80.0,3e-07,3,95.13309815282291,0.7233319296797546,5.847693089752086,35.690129564212654
apollo_classic,50.0,0.0003,3,95.13309815282291,0.2701780511271743,68.38534900905897,1.1188938634613523
optimistic_cold,80.0,1e-06,3,95.13309815282291,0.1992886290790473,131.33369607958164,19.43071809615248
pessimistic_warm,120.0,0.0001,2,67.26925881914649,4.870760028841224,4.913101114143291,1.6296574102909376
apollo_classic,50.0,0.0003,2,67.26925881914649,0.26179389814735315,49.78001839091829,0.9408714081077424
pessimistic_warm,120.0,0.0001,1,38.83792468742084,3.7199972201931755,3.707741018637186,1.2382620634305879
apollo_classic,50.0,0.0003,1,38.83792468742084,0.2445474472168631,30.63401703249489,0.7149057869058422
pessimistic_warm,120.0,3e-05,3,95.13309815282291,4.801551260814053,5.847693089752086,3.538533917817282
apollo_classic,50.0,0.0001,3,95.13309815282291,0.2670310371772575,68.38534900905897,1.9380152068467316
pessimistic_warm,120.0,3e-05,2,67.26925881914649,4.039797822328638,4.913101114143291,2.9754636360611677
apollo_classic,50.0,0.0001,2,67.26925881914649,0.2582863877479853,49.78001839091829,1.6296574102909376
nominal,70.0,0.0001,3,95.13309815282291,0.5247480386888944,48.16208484078906,1.9380152068467316
nominal,80.0,1e-07,2,67.26925881914649,0.2403266443109884,35.932751085788176,52.469727938929566
pessimistic_warm,120.0,3e-05,1,38.83792468742084,3.0826806328139686,3.707741018637186,2.26080386418569
pessimistic_warm,40.0,1e-07,2,67.26925881914649,0.18512045749028172,4.913101114143291,52.469727938929566
apollo_classic,50.0,0.0001,1,38.83792468742084,0.2405318749063969,30.63401703249489,1.2382620634305879
pessimistic_warm,120.0,1e-05,3,95.13309815282291,3.762698345131033,5.847693089752086,6.130001104309631
pessimistic_warm,40.0,1e-07,1,38.83792468742084,0.14170396027575077,3.707741018637186,39.57290707935288
apollo_classic,50.0,3e-05,3,95.13309815282291,0.26108880833726855,68.38534900905897,3.538533917817282
pessimistic_warm,120.0,1e-05,2,67.26925881914649,3.165485952714478,4.913101114143291,5.154296806813111
apollo_classic,200.0,0.001,3,95.13309815282291,1.088638484937133,68.38534900905897,0.6128396245231282
apollo_classic,50.0,3e-05,2,67.26925881914649,0.25169743404483885,49.78001839091829,2.9754636360611677
nominal,70.0,0.0003,1,38.83792468742084,0.45909948176959664,22.663074572615553,0.7149057869058422
pessimistic_warm,120.0,1e-05,1,38.83792468742084,2.4133629859907826,3.707741018637186,3.9161091121401452
optimistic_cold,100.0,0.0003,2,67.26925881914649,0.3288295890512867,79.82083556783198,0.9408714081077424
nominal,200.0,0.0001,2,67.26925881914649,1.4140115066769896,35.932751085788176,1.6296574102909376
optimistic_cold,80.0,3e-06,1,38.83792468742084,0.2591625144843046,40.178073292182056,7.151605160661953
apollo_classic,200.0,0.001,2,67.26925881914649,1.0560354992940737,49.78001839091829,0.5153342439715299
nominal,200.0,0.0001,1,38.83792468742084,1.2829908494608955,22.663074572615553,1.2382620634305879
optimistic_cold,80.0,3e-06,2,67.26925881914649,0.23808356448073928,79.82083556783198,9.414518326164727
apollo_classic,200.0,0.001,1,38.83792468742084,0.9883841073406495,30.63401703249489,0.391569038935955
apollo_classic,200.0,0.0003,3,95.13309815282291,1.0807122045086972,68.38534900905897,1.1188938634613523
nominal,200.0,3e-05,3,95.13309815282291,1.4528662391485492,48.16208484078906,3.538533917817282
optimistic_cold,80.0,3e-06,3,95.13309815282291,0.21079863254431494,131.33369607958164,11.198696338435685
apollo_classic,200.0,0.0003,2,67.26925881914649,1.0471755925894126,49.78001839091829,0.9408714081077424
optimistic_cold,80.0,0.0001,1,38.83792468742084,0.29616522978801874,40.178073292182056,1.2382620634305879
apollo_classic,200.0,0.0003,1,38.83792468742084,0.9781897888674524,30.63401703249489,0.7149057869058422
optimistic_cold,80.0,0.0001,2,67.26925881914649,0.26083907360130226,79.82083556783198,1.6296574102909376
apollo_classic,200.0,0.0001,3,95.13309815282291,1.06812414870903,68.38534900905897,1.9380152068467316
nominal,200.0,3e-05,2,67.26925881914649,1.3651018997314928,35.932751085788176,2.9754636360611677
optimistic_cold,80.0,1e-05,1,38.83792468742084,0.2781790660069097,40.178073292182056,3.9161091121401452
apollo_classic,200.0,0.0001,2,67.26925881914649,1.0331455509919412,49.78001839091829,1.6296574102909376
nominal,200.0,3e-05,1,38.83792468742084,1.2303541068733952,22.663074572615553,2.26080386418569
optimistic_cold,100.0,3e-05,2,67.26925881914649,0.3207491055920283,79.82083556783198,2.9754636360611677
optimistic_cold,80.0,1e-05,2,67.26925881914649,0.25001986509552276,79.82083556783198,5.154296806813111
optimistic_cold,80.0,1e-05,3,95.13309815282291,0.2185714048909536,131.33369607958164,6.130001104309631
apollo_classic,200.0,0.0001,1,38.83792468742084,0.9621274996255876,30.63401703249489,1.2382620634305879
nominal,200.0,1e-05,3,95.13309815282291,1.3835180989992961,48.16208484078906,6.130001104309631
optimistic_cold,100.0,3e-05,3,95.13309815282291,0.27846385997665324,131.33369607958164,3.538533917817282
pessimistic_warm,80.0,3e-07,2,67.26925881914649,0.6096313275553554,4.913101114143291,29.936602587892647
apollo_classic,200.0,3e-05,3,95.13309815282291,1.0443552333490742,68.38534900905897,3.538533917817282
nominal,200.0,1e-05,2,67.26925881914649,1.2927109772109417,35.932751085788176,5.154296806813111
optimistic_cold,100.0,0.0001,1,38.83792468742084,0.37020653723502345,40.178073292182056,1.2382620634305879
optimistic_cold,80.0,3e-05,1,38.83792468742084,0.2890292886962538,40.178073292182056,2.26080386418569
apollo_classic,200.0,3e-05,2,67.26925881914649,1.0067897361793554,49.78001839091829,2.9754636360611677
nominal,200.0,1e-05,1,38.83792468742084,1.153729796883095,22.663074572615553,3.9161091121401452
optimistic_cold,100.0,0.0001,3,95.13309815282291,0.28180805518447083,131.33369607958164,1.9380152068467316
optimistic_cold,80.0,3e-05,2,67.26925881914649,0.2565992844736226,79.82083556783198,2.9754636360611677
optimistic_cold,80.0,3e-05,3,95.13309815282291,0.2227710879813226,131.33369607958164,3.538533917817282
apollo_classic,200.0,3e-05,1,38.83792468742084,0.9322195822329616,30.63401703249489,2.26080386418569
optimistic_cold,100.0,0.0003,1,38.83792468742084,0.3749445122917618,40.178073292182056,0.7149057869058422
nominal,200.0,3e-06,3,95.13309815282291,1.2653823289602864,48.16208484078906,11.198696338435685
pessimistic_warm,150.0,0.0003,1,38.83792468742084,5.2002563525135175,3.707741018637186,0.7149057869058422
pessimistic_warm,200.0,1e-06,2,67.26925881914649,2.5006701414951915,4.913101114143291,16.326676556093474
pessimistic_warm,200.0,1e-06,1,38.83792468742084,1.9042467539030299,3.707741018637186,12.395842264925669
pessimistic_warm,150.0,3e-06,2,67.26925881914649,2.7803124266337753,4.913101114143291,9.414518326164727
pessimistic_warm,150.0,1e-05,1,38.83792468742084,3.016703732488478,3.707741018637186,3.9161091121401452
pessimistic_warm,150.0,0.001,1,38.83792468742084,5.610431224386201,3.707741018637186,0.391569038935955
pessimistic_warm,150.0,0.001,2,67.26925881914649,7.33825784890657,4.913101114143291,0.5153342439715299
pessimistic_warm,200.0,1e-07,3,95.13309815282291,1.0935842904254844,5.847693089752086,62.83844678543254
pessimistic_warm,200.0,3e-07,1,38.83792468742084,1.1617393977998385,3.707741018637186,22.688192744138682
pessimistic_warm,200.0,3e-07,3,95.13309815282291,1.8083298241993864,5.847693089752086,35.690129564212654
pessimistic_warm,150.0,0.0003,2,67.26925881914649,6.8048249667304805,4.913101114143291,0.9408714081077424
pessimistic_warm,150.0,0.0003,3,95.13309815282291,8.086536927112698,5.847693089752086,1.1188938634613523
pessimistic_warm,200.0,1e-07,1,38.83792468742084,0.7085198013787538,3.707741018637186,39.57290707935288
pessimistic_warm,200.0,3e-07,2,67.26925881914649,1.5240783188883884,4.913101114143291,29.936602587892647
pessimistic_warm,200.0,3e-06,1,38.83792468742084,2.823852899393506,3.707741018637186,7.151605160661953
pessimistic_warm,200.0,1e-06,3,95.13309815282291,2.9714717030694366,5.847693089752086,19.43071809615248
pessimistic_warm,200.0,3e-06,3,95.13309815282291,4.40645122264198,5.847693089752086,11.198696338435685
pessimistic_warm,200.0,3e-05,2,67.26925881914649,6.732996370547729,4.913101114143291,2.9754636360611677
pessimistic_warm,200.0,1e-05,3,95.13309815282291,6.2711639085517215,5.847693089752086,6.130001104309631
pessimistic_warm,200.0,3e-05,1,38.83792468742084,5.137801054689948,3.707741018637186,2.26080386418569
pessimistic_warm,200.0,3e-05,3,95.13309815282291,8.002585434690086,5.847693089752086,3.538533917817282
pessimistic_warm,200.0,0.0001,3,95.13309815282291,9.647687875781692,5.847693089752086,1.9380152068467316
pessimistic_warm,200.0,1e-05,1,38.83792468742084,4.022271643317971,3.707741018637186,3.9161091121401452
pessimistic_warm,200.0,3e-06,2,67.26925881914649,3.7070832355117003,4.913101114143291,9.414518326164727
pessimistic_warm,200.0,1e-05,2,67.26925881914649,5.275809921190796,4.913101114143291,5.154296806813111
pessimistic_warm,200.0,0.0003,1,38.83792468742084,6.93367513668469,3.707741018637186,0.7149057869058422
pessimistic_warm,200.0,0.0003,2,67.26925881914649,9.07309995564064,4.913101114143291,0.9408714081077424
pessimistic_warm,200.0,0.0001,1,38.83792468742084,6.199995366988626,3.707741018637186,1.2382620634305879
pessimistic_warm,200.0,0.0001,2,67.26925881914649,8.117933381402041,4.913101114143291,1.6296574102909376
pessimistic_warm,200.0,0.001,2,67.26925881914649,9.784343798542093,4.913101114143291,0.5153342439715299
pessimistic_warm,200.0,0.0003,3,95.13309815282291,10.782049236150263,5.847693089752086,1.1188938634613523
pessimistic_warm,200.0,0.001,1,38.83792468742084,7.480574965848269,3.707741018637186,0.391569038935955
pessimistic_warm,200.0,0.001,3,95.13309815282291,11.626608340129136,5.847693089752086,0.6128396245231282
