r_m,depth_km,sigma_S_m,eps_r
6.371000000000000000e+03,6.364628999999999905e+03,9.945523086725253847e+01,1.000000000000000000e+01
3.312633943217918277e+05,6.039736605678208434e+03,7.527441773551858262e+01,1.000000000000000000e+01
6.395711506563397124e+05,5.731428849343660659e+03,5.778868388674720791e+01,1.000000000000000000e+01
9.321408576649036258e+05,5.438859142335096294e+03,4.496748331008898703e+01,1.000000000000000000e+01
1.209775888572791591e+06,5.161224111427208300e+03,3.544178510204299215e+01,1.000000000000000000e+01
1.473238607168482617e+06,4.897761392831517696e+03,2.827547696863008753e+01,1.000000000000000000e+01
1.723252461194206029e+06,4.647747538805793738e+03,2.281982170118862285e+01,1.000000000000000000e+01
1.960503968876091763e+06,4.410496031123908324e+03,1.861945096202328287e+01,1.000000000000000000e+01
2.185644604048798326e+06,4.185355395951201899e+03,1.535080736143614644e+01,1.000000000000000000e+01
2.399292585051027127e+06,3.971707414948972655e+03,1.278130192380674579e+01,1.000000000000000000e+01
2.602034572304079309e+06,3.768965427695920880e+03,1.074187347494592437e+01,1.000000000000000000e+01
2.794427279234861024e+06,3.576572720765138911e+03,9.108329523103469327e+00,1.000000000000000000e+01
2.976999000966859516e+06,3.394000999033140488e+03,7.788511713433474704e+00,1.000000000000000000e+01
3.150251064976630732e+06,3.220748935023369086e+03,6.713369988575903058e+00,1.000000000000000000e+01
3.314659207699344028e+06,3.056340792300656176e+03,5.830689307164166557e+00,1.000000000000000000e+01
3.470674880863315891e+06,2.900325119136683952e+03,5.100635895449126878e+00,1.000000000000000000e+01
3.618726491140672937e+06,2.752273508859327194e+03,4.492564537637662170e+00,1.000000000000000000e+01
3.759220576518117450e+06,2.611779423481882532e+03,3.982708518657783081e+00,1.000000000000000000e+01
3.892542922618007753e+06,2.478457077381992349e+03,3.552493261785038658e+00,1.000000000000000000e+01
4.019059622035120148e+06,2.351940377964879644e+03,3.187294712634804572e+00,1.000000000000000000e+01
4.139118079597866163e+06,2.231881920402133801e+03,2.875517653171962174e+00,1.000000000000000000e+01
4.253047966314433143e+06,2.117952033685566676e+03,2.607906103310584811e+00,1.000000000000000000e+01
4.361162124623239972e+06,2.009837875376759939e+03,2.377023453944203890e+00,1.000000000000000000e+01
4.463757427433472127e+06,1.907242572566527770e+03,2.176857698390531226e+00,1.000000000000000000e+01
4.561115593314563856e+06,1.809884406685436034e+03,2.002519558893399054e+00,1.000000000000000000e+01
4.653503960073049180e+06,1.717496039926950743e+03,1.850010093595320093e+00,1.000000000000000000e+01
4.741176218841010705e+06,1.629823781158989277e+03,1.716040632937836374e+00,1.000000000000000000e+01
4.824373110691791400e+06,1.546626889308208547e+03,1.597892392386160987e+00,1.000000000000000000e+01
4.903323087695920840e+06,1.467676912304079224e+03,1.493306362185034208e+00,1.000000000000000000e+01
4.978242940232384019e+06,1.392757059767616056e+03,1.400396445381994370e+00,1.000000000000000000e+01
5.049338392277819104e+06,1.321661607722180861e+03,1.317580554221300826e+00,1.000000000000000000e+01
5.116804666308254004e+06,1.254195333691746100e+03,1.243525658980117354e+00,1.000000000000000000e+01
5.180827019364549778e+06,1.190172980635450131e+03,1.177103737458092603e+00,1.000000000000000000e+01
5.241581251753546298e+06,1.129418748246453788e+03,1.117356286753200756e+00,1.000000000000000000e+01
5.299234189781782217e+06,1.071765810218217894e+03,1.063465595579129674e+00,1.000000000000000000e+01
5.353944143847296014e+06,1.017055856152703996e+03,1.014731381349861739e+00,1.000000000000000000e+01
5.405861343147437088e+06,9.651386568525629173e+02,8.747778168909806640e-01,1.000000000000000000e+01
5.455128348196333274e+06,9.158716518036667367e+02,7.240792238142235160e-01,1.000000000000000000e+01
5.501880442284763791e+06,8.691195577152361693e+02,6.051540296156362464e-01,1.000000000000000000e+01
5.546246002957350574e+06,8.247539970426494165e+02,5.104148819110900792e-01,1.000000000000000000e+01
5.588346854527119547e+06,7.826531454728803965e+02,4.342654140303336963e-01,1.000000000000000000e+01
5.628298602595414966e+06,7.427013974045850091e+02,3.725366420898106323e-01,1.000000000000000000e+01
5.666210951495707966e+06,7.047890485042920545e+02,3.220933419313321000e-01,1.000000000000000000e+01
5.702188005533003248e+06,6.688119944669967936e+02,2.805562776347630960e-01,1.000000000000000000e+01
5.736328554846014827e+06,6.346714451539851325e+02,2.461042282466183728e-01,1.000000000000000000e+01
5.768726346677047201e+06,6.022736533229527822e+02,2.173315390673860037e-01,1.000000000000000000e+01
5.799470342794500291e+06,5.715296572054996886e+02,1.931446851688375099e-01,1.000000000000000000e+01
5.828644963774828240e+06,5.423550362251717161e+02,1.726865025332240400e-01,1.000000000000000000e+01
5.856330320814756677e+06,5.146696791852433535e+02,1.552802179580846098e-01,1.000000000000000000e+01
5.882602435710270889e+06,4.883975642897291323e+02,1.403877694529775122e-01,1.000000000000000000e+01
5.907533449606450275e+06,4.634665503935497100e+02,1.275785271281301425e-01,1.000000000000000000e+01
5.931191821091326885e+06,4.398081789086731419e+02,1.165056440032399693e-01,1.000000000000000000e+01
5.953642514177750796e+06,4.173574858222492026e+02,1.068880472671427662e-01,1.000000000000000000e+01
5.974947176689408720e+06,3.960528233105912932e+02,9.701586145660517913e-02,1.000000000000000000e+01
5.995164309540873393e+06,3.758356904591266243e+02,8.307154763892692084e-02,1.000000000000000000e+01
6.014349427376468666e+06,3.566505726235313318e+02,7.169715266977869095e-02,1.000000000000000000e+01
6.032555211009088904e+06,3.384447889909110927e+02,6.234705775068167394e-02,1.000000000000000000e+01
6.049831652077530511e+06,3.211683479224694793e+02,5.460442351470629757e-02,1.000000000000000000e+01
6.066226190319571644e+06,3.047738096804283714e+02,4.814812347549912025e-02,1.000000000000000000e+01
6.081783843837734312e+06,2.892161561622656905e+02,4.272878271574135495e-02,1.000000000000000000e+01
6.096547332715421915e+06,2.744526672845780695e+02,3.815126045887468759e-02,1.000000000000000000e+01
6.110557196322882548e+06,2.604428036771174675e+02,3.426173451973273110e-02,1.000000000000000000e+01
6.123851904635109007e+06,2.471480953648909917e+02,3.093810087903445596e-02,1.000000000000000000e+01
6.136467963867339306e+06,2.345320361326606928e+02,2.808278146925068108e-02,1.000000000000000000e+01
6.148440016718229279e+06,2.225599832817707124e+02,2.561729547862910683e-02,1.000000000000000000e+01
6.159800937495958060e+06,2.111990625040419332e+02,2.347813209057618422e-02,1.000000000000000000e+01
6.170581922388471663e+06,2.004180776115283322e+02,2.161359082270782050e-02,1.000000000000000000e+01
6.180812575125745498e+06,1.901874248742545035e+02,1.998134643250182307e-02,1.000000000000000000e+01
6.190520988269275986e+06,1.804790117307240109e+02,1.854656015297944174e-02,1.000000000000000000e+01
6.199733820352029055e+06,1.712661796479709437e+02,1.728040561114404031e-02,1.000000000000000000e+01
6.208476369080662727e+06,1.625236309193372790e+02,1.615891152518774548e-02,1.000000000000000000e+01
6.216772640801019035e+06,1.542273591989809631e+02,1.516204788834225881e-02,1.000000000000000000e+01
6.224645416417647153e+06,1.463545835823528591e+02,1.427300042117704212e-02,1.000000000000000000e+01
6.232116313948365860e+06,1.388836860516341289e+02,1.347759143428753706e-02,1.000000000000000000e+01
6.239205847885622643e+06,1.317941521143773684e+02,1.276381518186714588e-02,1.000000000000000000e+01
6.245933485527668148e+06,1.250665144723318463e+02,1.212146322535138238e-02,1.000000000000000000e+01
6.252317700434207916e+06,1.186822995657920785e+02,1.154182092705230943e-02,1.000000000000000000e+01
6.258376023153339513e+06,1.126239768466604829e+02,1.101742043481954494e-02,1.000000000000000000e+01
6.264125089359045029e+06,1.068749106409549654e+02,1.054183874819523969e-02,1.000000000000000000e+01
6.269580685531432740e+06,1.014193144685672650e+02,1.010953192882502703e-02,1.000000000000000000e+01
6.274757792305161245e+06,9.624220769483875415e+01,9.083364711795756039e-03,1.000000000000000000e+01
6.279670625605074689e+06,9.132937439492530984e+01,8.010501673738058132e-03,1.000000000000000000e+01
6.284332675682004541e+06,8.666732431799546532e+01,7.109829057983397399e-03,1.000000000000000000e+01
6.288756744155930355e+06,8.224325584406965106e+01,6.348963680928854103e-03,1.000000000000000000e+01
6.292954979168214835e+06,7.804502083178516614e+01,5.702375170717893793e-03,1.000000000000000000e+01
6.296938908739432693e+06,7.406109126056730929e+01,5.149794545232026267e-03,1.000000000000000000e+01
6.300719472424406558e+06,7.028052757559343888e+01,4.675021793172056371e-03,1.000000000000000000e+01
6.304307051351353526e+06,6.669294864864647820e+01,4.265025692026164217e-03,1.000000000000000000e+01
6.307711496727641672e+06,6.328850327235832651e+01,3.909259325143166729e-03,1.000000000000000000e+01
6.310942156890425831e+06,6.005784310957417205e+01,3.599135993296379444e-03,1.000000000000000000e+01
6.314007902976438403e+06,5.699209702356159823e+01,3.327625252383316357e-03,1.000000000000000000e+01
6.316917153281428851e+06,5.408284671857114745e+01,3.088939540509141966e-03,1.000000000000000000e+01
6.319677896376138553e+06,5.132210362386144453e+01,2.878289575058633545e-03,1.000000000000000000e+01
6.322297713042276911e+06,4.870228695772308924e+01,2.691692290676992762e-03,1.000000000000000000e+01
6.324783797088753432e+06,4.621620291124656887e+01,2.525819167178711307e-03,1.000000000000000000e+01
6.327142975105303340e+06,4.385702489469665721e+01,2.377875791623827034e-03,1.000000000000000000e+01
6.329381725207762793e+06,4.161827479223720871e+01,2.245505713150228611e-03,1.000000000000000000e+01
6.331506194826462306e+06,3.949380517353769449e+01,2.126713296619730208e-03,1.000000000000000000e+01
6.333522217586580664e+06,3.747778241341933381e+01,2.019801514373548851e-03,1.000000000000000000e+01
6.335435329326819628e+06,3.556467067318037323e+01,1.923321544034864005e-03,1.000000000000000000e+01
6.337250783300378360e+06,3.374921669962164117e+01,1.836031743592151082e-03,1.000000000000000000e+01
6.338973564599967562e+06,3.202643540003244027e+01,1.756864110587358840e-03,1.000000000000000000e+01
6.340608403846482746e+06,3.039159615351725208e+01,1.684896742302267577e-03,1.000000000000000000e+01
6.342159790178911760e+06,2.884020982108824072e+01,1.619331129437450454e-03,1.000000000000000000e+01
6.343631983581152745e+06,2.736801641884725456e+01,1.559473359895490602e-03,1.000000000000000000e+01
6.345029026579598896e+06,2.597097342040110490e+01,1.504718499028883261e-03,1.000000000000000000e+01
6.346354755343589000e+06,2.464524465641099837e+01,1.454537560900219387e-03,1.000000000000000000e+01
6.347612810219225474e+06,2.338718978077452704e+01,1.408466601358632523e-03,1.000000000000000000e+01
6.348806645725479349e+06,2.219335427452065090e+01,1.366097555352410904e-03,1.000000000000000000e+01
6.349939540040023625e+06,2.106045995997637377e+01,1.327070513404256897e-03,1.000000000000000000e+01
6.351014604000846855e+06,1.998539599915314469e+01,1.291067189799107546e-03,1.000000000000000000e+01
6.352034789648374543e+06,1.896521035162545843e+01,1.257805381016239253e-03,1.000000000000000000e+01
6.353002898331528530e+06,1.799710166847146908e+01,1.227034249775229690e-03,1.000000000000000000e+01
6.353921588400018401e+06,1.707841159998159952e+01,1.198530299686625510e-03,1.000000000000000000e+01
6.354793382503952831e+06,1.620661749604716917e+01,1.172093929411384579e-03,1.000000000000000000e+01
6.355620674520839937e+06,1.537932547916006243e+01,1.147546474601168201e-03,1.000000000000000000e+01
6.356405736128984019e+06,1.459426387101598088e+01,1.124727661639058057e-03,1.000000000000000000e+01
6.357150723045333289e+06,1.384927695466671160e+01,1.103493410043994514e-03,1.000000000000000000e+01
6.357857680944910273e+06,1.314231905508972709e+01,1.083713930914177379e-03,1.000000000000000000e+01
6.358528551078070886e+06,1.247144892192911314e+01,1.065272077415724793e-03,1.000000000000000000e+01
6.359165175601026043e+06,1.183482439897395722e+01,1.048061910430912172e-03,1.000000000000000000e+01
6.359769302634253167e+06,1.123069736574683297e+01,1.031987448353538376e-03,1.000000000000000000e+01
6.360342591062700376e+06,1.065740893729962480e+01,1.016961574884377986e-03,1.000000000000000000e+01
6.360886615090951324e+06,1.011338490904867626e+01,1.002905082724161838e-03,1.000000000000000000e+01
6.361402868565867655e+06,9.597131434132345262e+00,1.097202672057165374e-03,1.000000000000000000e+01
6.361892769078568555e+06,9.107230921431444415e+00,1.228222100757126551e-03,1.000000000000000000e+01
6.362357661857033148e+06,8.642338142966851322e+00,1.366992669606963660e-03,1.000000000000000000e+01
6.362798823459981009e+06,8.201176540018989769e+00,1.513151267590526899e-03,1.000000000000000000e+01
6.363217465282205492e+06,7.782534717794507451e+00,1.666274423726649611e-03,1.000000000000000000e+01
6.363614736880967394e+06,7.385263119032606127e+00,1.825886123689611160e-03,1.000000000000000000e+01
6.363991729132588021e+06,7.008270867411978244e+00,1.991466078387823472e-03,1.000000000000000000e+01
6.364349477227907628e+06,6.650522772092371859e+00,2.162458207077727276e-03,1.000000000000000000e+01
6.364688963514841162e+06,6.311036485158838083e+00,2.338279119471759274e-03,1.000000000000000000e+01
6.365011120195821859e+06,5.988879804178140809e+00,2.518326407558725468e-03,1.000000000000000000e+01
6.365316831887561828e+06,5.683168112438171882e+00,2.701986586732779087e-03,1.000000000000000000e+01
6.365606938050133176e+06,5.393061949866823745e+00,2.888642555669670726e-03,1.000000000000000000e+01
6.365882235292064957e+06,5.117764707935042345e+00,3.077680473964171468e-03,1.000000000000000000e+01
6.366143479557761922e+06,4.856520442238077884e+00,3.268495984688047414e-03,1.000000000000000000e+01
6.366391388203269802e+06,4.608611796730198051e+00,3.460499735062465883e-03,1.000000000000000000e+01
6.366626641966079362e+06,4.373358033920638377e+00,3.653122171724717746e-03,1.000000000000000000e+01
6.366849886834377423e+06,4.150113165622577149e+00,3.845817607341858735e-03,1.000000000000000000e+01
6.367061735820875503e+06,3.938264179124496778e+00,4.038067572420834042e-03,1.000000000000000000e+01
6.367262770646099001e+06,3.737229353900998863e+00,4.229383480118843741e-03,1.000000000000000000e+01
6.367453543335743248e+06,3.546456664256751434e+00,4.419308642747205550e-03,1.000000000000000000e+01
6.367634577736493200e+06,3.365422263506800071e+00,4.607419686787398404e-03,1.000000000000000000e+01
6.367806370954462327e+06,3.193629045537672795e+00,4.793327418787717183e-03,1.000000000000000000e+01
6.367969394720212556e+06,3.030605279787443429e+00,4.976677197863328683e-03,1.000000000000000000e+01
6.368124096684080549e+06,2.875903315919451586e+00,5.157148871910202312e-03,1.000000000000000000e+01
6.368270901645398699e+06,2.729098354601301235e+00,5.334456334536746835e-03,1.000000000000000000e+01
6.368410212718953378e+06,2.589787281046621370e+00,5.508346758193880845e-03,1.000000000000000000e+01
6.368542412441910245e+06,2.457587558089755486e+00,5.678599556595760253e-03,1.000000000000000000e+01
6.368667863824229687e+06,2.332136175770312736e+00,5.845025126270715458e-03,1.000000000000000000e+01
6.368786911345465109e+06,2.213088654534891120e+00,6.007463413384678264e-03,1.000000000000000000e+01
6.368899881900671870e+06,2.100118099328130317e+00,6.165782347902004808e-03,1.000000000000000000e+01
6.369007085698042065e+06,1.992914301957935175e+00,6.319876182964374867e-03,1.000000000000000000e+01
6.369108817110704258e+06,1.891182889295741854e+00,6.469663773055761395e-03,1.000000000000000000e+01
6.369205355485054664e+06,1.794644514945335612e+00,6.615086820416988742e-03,1.000000000000000000e+01
6.369296965907817706e+06,1.703034092182293513e+00,6.756108115082838476e-03,1.000000000000000000e+01
6.369383899933951907e+06,1.616100066048093087e+00,6.892709790155402381e-03,1.000000000000000000e+01
6.369466396277402528e+06,1.533603722597472352e+00,7.024891610375484652e-03,1.000000000000000000e+01
6.369544681466590613e+06,1.455318533409386772e+00,7.152669308783258899e-03,1.000000000000000000e+01
6.369618970466439612e+06,1.381029533560387712e+00,7.276072983317976271e-03,1.000000000000000000e+01
6.369689467268655077e+06,1.310532731344923318e+00,7.395145562569538367e-03,1.000000000000000000e+01
6.369756365451867692e+06,1.243634548132307893e+00,7.509941347518196524e-03,1.000000000000000000e+01
6.369819848713186570e+06,1.180151286813430511e+00,7.620524634074547256e-03,1.000000000000000000e+01
6.369880091372614726e+06,1.119908627385273636e+00,7.726968419423959830e-03,1.000000000000000000e+01
6.369937258851720951e+06,1.062741148279048531e+00,7.829353193685304607e-03,1.000000000000000000e+01
6.369991508127870038e+06,1.008491872129961830e+00,7.927765817070850027e-03,1.000000000000000000e+01
6.370042988165275194e+06,9.570118347248062207e-01,8.022298481715720020e-03,1.000000000000000000e+01
6.370091840324038640e+06,9.081596759613603798e-01,8.113047756409849653e-03,1.000000000000000000e+01
6.370138198748315684e+06,8.618012516843155391e-01,8.200113711817339640e-03,1.000000000000000000e+01
6.370182190734665841e+06,8.178092653341590967e-01,8.283599123194807651e-03,1.000000000000000000e+01
6.370223937081594951e+06,7.760629184050485962e-01,8.363608747196261267e-03,1.000000000000000000e+01
6.370263552421264350e+06,7.364475787356495884e-01,8.440248669098966358e-03,1.000000000000000000e+01
6.370301145534256473e+06,6.988544657435268315e-01,8.513625716514778424e-03,1.000000000000000000e+01
6.370336819648278877e+06,6.631803517211228849e-01,8.583846935611500611e-03,1.000000000000000000e+01
6.370370672721622512e+06,6.293272783774882528e-01,8.651019125783062161e-03,1.000000000000000000e+01
6.370402797712141648e+06,5.972022878583520544e-01,8.715248428708369244e-03,1.000000000000000000e+01
6.370433282832514495e+06,5.667171674855053798e-01,8.776639967862105707e-03,1.000000000000000000e+01
6.370462211792466231e+06,5.377882075337693246e-01,8.835297534562570193e-03,1.000000000000000000e+01
6.370489664028626867e+06,5.103359713731333569e-01,8.891323316822628484e-03,1.000000000000000000e+01
6.370515714922661893e+06,4.842850773381069396e-01,8.944817667421512894e-03,1.000000000000000000e+01
6.370540436008259654e+06,4.595639917403459562e-01,8.995878907738520322e-03,1.000000000000000000e+01
6.370563895167564042e+06,4.361048324359581008e-01,9.044603164140832888e-03,1.000000000000000000e+01
6.370586156817564741e+06,4.138431824352592492e-01,9.091084233805842019e-03,1.000000000000000000e+01
6.370607282086989842e+06,3.927179130101576265e-01,9.135413477171767591e-03,1.000000000000000000e+01
6.370627328984154388e+06,3.726710158456116861e-01,9.177679734264008321e-03,1.000000000000000000e+01
6.370646352556248195e+06,3.536474437518045133e-01,9.217969262444910758e-03,1.000000000000000000e+01
6.370664405040492304e+06,3.355949595076963554e-01,9.256365693253660112e-03,1.000000000000000000e+01
6.370681536007579416e+06,3.184639924205839856e-01,9.292950006197120416e-03,1.000000000000000000e+01
6.370697792497784831e+06,3.022075022151693435e-01,9.327800517505736855e-03,1.000000000000000000e+01
6.370713219150143676e+06,2.867808498563245156e-01,9.360992882094000545e-03,1.000000000000000000e+01
6.370727858325020410e+06,2.721416749795898538e-01,9.392600107010259242e-03,1.000000000000000000e+01
6.370741750220428221e+06,2.582497795717790812e-01,9.422692574912733612e-03,1.000000000000000000e+01
6.370754932982412167e+06,2.450670175878331136e-01,9.451338076188352602e-03,1.000000000000000000e+01
6.370767442809789442e+06,2.325571902105584843e-01,9.478601848449775408e-03,1.000000000000000000e+01
6.370779314053555951e+06,2.206859464440494856e-01,9.504546622333282999e-03,1.000000000000000000e+01
6.370790579311206937e+06,2.094206887930631644e-01,9.529232672529339837e-03,1.000000000000000000e+01
6.370801269516244531e+06,1.987304837554693115e-01,9.552717873165349552e-03,1.000000000000000000e+01
6.370811414023126476e+06,1.885859768735244912e-01,9.575057756743356879e-03,1.000000000000000000e+01
6.370821040687864646e+06,1.789593121353536820e-01,9.596305575849990374e-03,1.000000000000000000e+01
6.370830175944515504e+06,1.698240554844960559e-01,9.616512367035843362e-03,1.000000000000000000e+01
6.370838844877772033e+06,1.611551222279667961e-01,9.635727016287915642e-03,1.000000000000000000e+01
6.370847071291835979e+06,1.529287081640213763e-01,9.653996325541692319e-03,1.000000000000000000e+01
6.370854877775789239e+06,1.451222242107614857e-01,9.671365079851054064e-03,1.000000000000000000e+01
6.370862285765617155e+06,1.377142343828454685e-01,9.687876114765037530e-03,1.000000000000000000e+01
6.370869315603073686e+06,1.306843969263136451e-01,9.703570383613321568e-03,1.000000000000000000e+01
6.370875986591534689e+06,1.240134084653109342e-01,9.718487024369920624e-03,1.000000000000000000e+01
6.370882317049006000e+06,1.176829509939998353e-01,9.732663425869592100e-03,1.000000000000000000e+01
6.370888324358421378e+06,1.116756415786221562e-01,9.746135293135170172e-03,1.000000000000000000e+01
6.370894025015377440e+06,1.059749846225604419e-01,9.758936711650807033e-03,1.000000000000000000e+01
6.370899434673425741e+06,1.005653265742585123e-01,9.771100210401190839e-03,1.000000000000000000e+01
6.370904568187057972e+06,9.543181294202804366e-02,9.782656823573872978e-03,1.000000000000000000e+01
6.370909439652496018e+06,9.056034750398248012e-02,9.793636150805102442e-03,1.000000000000000000e+01
6.370914062446398661e+06,8.593755360133946419e-02,9.804066415884698377e-03,1.000000000000000000e+01
6.370918449262590148e+06,8.155073740985244179e-02,9.813974523851569376e-03,1.000000000000000000e+01
6.370922612146921456e+06,7.738785307854413598e-02,9.823386116453483932e-03,1.000000000000000000e+01
6.370926562530341558e+06,7.343746965844184793e-02,9.832325625894550863e-03,1.000000000000000000e+01
6.370930311260291375e+06,6.968873970862478340e-02,9.840816326898069871e-03,1.000000000000000000e+01
6.370933868630484678e+06,6.613136951532215535e-02,9.848880387024045585e-03,1.000000000000000000e+01
6.370937244409180246e+06,6.275559081975370934e-02,9.856538915291221045e-03,1.000000000000000000e+01
6.370940447865997441e+06,5.955213400255889022e-02,9.863812009052957616e-03,1.000000000000000000e+01
6.370943487797374837e+06,5.651220262516289811e-02,9.870718799200256868e-03,1.000000000000000000e+01
6.370946372550723143e+06,5.362744927685707957e-02,9.877277493669962827e-03,1.000000000000000000e+01
6.370949110047346912e+06,5.088995265308767640e-02,9.883505419302260342e-03,1.000000000000000000e+01
6.370951707804193720e+06,4.829219580627977515e-02,9.889419062067909827e-03,1.000000000000000000e+01
6.370954172954498790e+06,4.582704550120979270e-02,9.895034105717438744e-03,1.000000000000000000e+01
6.370956512267369777e+06,4.348773263022303465e-02,9.900365468861702448e-03,1.000000000000000000e+01
6.370958732166374102e+06,4.126783362589776794e-02,9.905427340542352632e-03,1.000000000000000000e+01
6.370960838747178204e+06,3.916125282179563905e-02,9.910233214329195947e-03,1.000000000000000000e+01
6.370962837794285268e+06,3.716220571473240891e-02,9.914795920982405475e-03,1.000000000000000000e+01
6.370964734796921723e+06,3.526520307827740730e-02,9.919127659732667607e-03,1.000000000000000000e+01
6.370966534964106046e+06,3.346503589395433825e-02,9.923240028200148652e-03,1.000000000000000000e+01
6.370968243238953874e+06,3.175676104612648598e-02,9.927144051025455287e-03,1.000000000000000000e+01
6.370969864312252961e+06,3.013568774703890077e-02,9.930850207243546723e-03,1.000000000000000000e+01
6.370971402635342441e+06,2.859736465755850082e-02,9.934368456438710457e-03,1.000000000000000000e+01
6.370972862432335503e+06,2.713756766449660143e-02,9.937708263732797712e-03,1.000000000000000000e+01
6.370974247711719014e+06,2.575228828098624981e-02,9.940878623650131751e-03,1.000000000000000000e+01
6.370975562277358957e+06,2.443772264104336622e-02,9.943888082894997843e-03,1.000000000000000000e+01
6.370976809738950804e+06,2.319026104919612308e-02,9.946744762104038282e-03,1.000000000000000000e+01
6.370977993521923199e+06,2.200647807680070414e-02,9.949456376568289323e-03,1.000000000000000000e+01
6.370979116876851767e+06,2.088312314823269691e-02,9.952030256032739011e-03,1.000000000000000000e+01
6.370980182888378389e+06,1.981711162161082021e-02,9.954473363542838335e-03,1.000000000000000000e+01
6.370981194483688101e+06,1.880551631189882750e-02,9.956792313439457448e-03,1.000000000000000000e+01
6.370982154440540820e+06,1.784555945917963918e-02,9.958993388479622788e-03,1.000000000000000000e+01
6.370983065394900739e+06,1.693460509926080632e-02,9.961082556166681728e-03,1.000000000000000000e+01
6.370983929848178290e+06,1.607015182171016993e-02,9.963065484310688891e-03,1.000000000000000000e+01
6.370984750174092129e+06,1.524982590787112707e-02,9.964947555824462885e-03,1.000000000000000000e+01
6.370985528625193052e+06,1.447137480694800533e-02,9.966733882840370443e-03,1.000000000000000000e+01
6.370986267339046113e+06,1.373266095388680705e-02,9.968429320129949464e-03,1.000000000000000000e+01
6.370986968344100751e+06,1.303165589924901689e-02,9.970038477885826908e-03,1.000000000000000000e+01
6.370987633565261029e+06,1.236643473897129294e-02,9.971565733885887767e-03,1.000000000000000000e+01
6.370988264829170890e+06,1.173517082910984811e-02,9.973015245066871315e-03,1.000000000000000000e+01
6.370988863869233057e+06,1.113613076694309686e-02,9.974390958543700655e-03,1.000000000000000000e+01
6.370989432330361567e+06,1.056766963843256205e-02,9.975696622068833119e-03,1.000000000000000000e+01
6.370989971773508005e+06,1.002822649199515588e-02,9.976935794018391979e-03,1.000000000000000000e+01
6.370990483679939061e+06,9.516320060938596170e-03,9.978111852849009741e-03,1.000000000000000000e+01
6.370990969455309212e+06,9.030544690787793011e-03,9.979228006121857938e-03,1.000000000000000000e+01
6.370991430433520116e+06,8.569566479884088012e-03,9.980287299070611171e-03,1.000000000000000000e+01
6.370991867880379781e+06,8.132119620218872941e-03,9.981292622740060155e-03,1.000000000000000000e+01
6.370992282997083850e+06,7.717002916149794632e-03,9.982246721743529699e-03,1.000000000000000000e+01
6.370992676923509687e+06,7.323076490312815066e-03,9.983152201614971591e-03,1.000000000000000000e+01
6.370993050741348416e+06,6.949258651584386964e-03,9.984011535811038868e-03,1.000000000000000000e+01
6.370993405477073044e+06,6.594522926956415503e-03,9.984827072356506142e-03,1.000000000000000000e+01
6.370993742104761302e+06,6.257895238697529054e-03,9.985601040173944232e-03,1.000000000000000000e+01
6.370994061548764817e+06,5.938451235182583450e-03,9.986335555076495882e-03,1.000000000000000000e+01
6.370994364686251618e+06,5.635313748382031994e-03,9.987032625484136561e-03,1.000000000000000000e+01
6.370994652349613607e+06,5.347650386393070117e-03,9.987694157842787537e-03,1.000000000000000000e+01
6.370994925328751095e+06,5.074671248905360949e-03,9.988321961772631680e-03,1.000000000000000000e+01
6.370995184373244643e+06,4.815626755356788337e-03,9.988917754968150431e-03,1.000000000000000000e+01
6.370995430194407701e+06,4.569805592298507683e-03,9.989483167833636268e-03,1.000000000000000000e+01
6.370995663467247970e+06,4.336532752029598030e-03,9.990019747917589996e-03,1.000000000000000000e+01
6.370995884832312353e+06,4.115167687647044645e-03,9.990528964087190544e-03,1.000000000000000000e+01
6.370996094897452742e+06,3.905102547258138684e-03,9.991012210527807497e-03,1.000000000000000000e+01
6.370996294239490293e+06,3.705760509707033742e-03,9.991470810515379330e-03,1.000000000000000000e+01
6.370996483405804262e+06,3.516594195738434632e-03,9.991906020020976248e-03,1.000000000000000000e+01
6.370996662915828638e+06,3.337084171362221432e-03,9.992319031108509372e-03,1.000000000000000000e+01
6.370996833262484521e+06,3.166737515479326089e-03,9.992710975189162195e-03,1.000000000000000000e+01
6.370996994913530536e+06,3.005086469464003825e-03,9.993082926091583981e-03,1.000000000000000000e+01
6.370997148312847130e+06,2.851687152869999530e-03,9.993435902983637681e-03,1.000000000000000000e+01
6.370997293881656602e+06,2.706118343397974964e-03,9.993770873149737319e-03,1.000000000000000000e+01
6.370997432019679807e+06,2.567980320192873606e-03,9.994088754625544274e-03,1.000000000000000000e+01
6.370997563106232323e+06,2.436893767677247597e-03,9.994390418696107864e-03,1.000000000000000000e+01
6.370997687501267530e+06,2.312498732469975803e-03,9.994676692274344701e-03,1.000000000000000000e+01
6.370997805546364747e+06,2.194453635253012375e-03,9.994948360155337871e-03,1.000000000000000000e+01
6.370997917565667070e+06,2.082434332929551744e-03,9.995206167156881621e-03,1.000000000000000000e+01
6.370998023866768926e+06,1.976133231073617848e-03,9.995450820146153589e-03,1.000000000000000000e+01
6.370998124741565436e+06,1.875258434563875209e-03,9.995682989980112301e-03,1.000000000000000000e+01
6.370998220467051491e+06,1.779532948508858597e-03,9.995903313331605880e-03,1.000000000000000000e+01
6.370998311306080781e+06,1.688693919219076732e-03,9.996112394424746042e-03,1.000000000000000000e+01
6.370998397508090362e+06,1.602491909638047119e-03,9.996310806692004433e-03,1.000000000000000000e+01
6.370998479309784248e+06,1.520690215751528728e-03,9.996499094338241048e-03,1.000000000000000000e+01
6.370998556935783476e+06,1.443064216524362654e-03,9.996677773828396146e-03,1.000000000000000000e+01
6.370998630599242635e+06,1.369400757364928802e-03,9.996847335298970558e-03,1.000000000000000000e+01
6.370998700502435677e+06,1.299497564323246488e-03,9.997008243899523777e-03,1.000000000000000000e+01
6.370998766837311909e+06,1.233162688091397332e-03,9.997160941066248960e-03,1.000000000000000000e+01
6.370998829786020331e+06,1.170213979668915244e-03,9.997305845723369541e-03,1.000000000000000000e+01
6.370998889521414414e+06,1.110478585585951720e-03,9.997443355440029794e-03,1.000000000000000000e+01
6.370998946207522415e+06,1.053792477585375337e-03,9.997573847508415060e-03,1.000000000000000000e+01
6.371000000000000000e+06,0.000000000000000000e+00,1.000000000000000368e-02,1.000000000000000000e+01
